Operateur,Reference,Produit,Engagement,Prix,
APPLIWAVE,WS-IC-FTTO-A0-20M+-APW-36,Lien FTTO Access A0 20Mb/s burst 100 Mb/s APPLIWAVE,Engagement 36 mois,120
APPLIWAVE,WS-IC-FTTO-A0-20M+-APW-24,Lien FTTO Access A0 20Mb/s burst 100 Mb/s APPLIWAVE,Engagement 24 mois,120.00 
APPLIWAVE,WS-IC-FTTO-A0-20M+-APW-12,Lien FTTO Access A0 20Mb/s burst 100 Mb/s APPLIWAVE,Engagement 12 mois,120.00 
APPLIWAVE,WS-IC-FTTO-A0-20M+-APW-SA,Lien FTTO Access A0 20Mb/s burst 100 Mb/s APPLIWAVE,Engagement 1 mois,120.00 
APPLIWAVE,WS-IC-FTTO-A0-50M+-APW-36,Lien FTTO Access A0 50Mb/s burst 500 Mb/s APPLIWAVE,Engagement 36 mois,150.00 
APPLIWAVE,WS-IC-FTTO-A0-50M+-APW-24,Lien FTTO Access A0 50Mb/s burst 500 Mb/s APPLIWAVE,Engagement 24 mois,150.00 
APPLIWAVE,WS-IC-FTTO-A0-50M+-APW-12,Lien FTTO Access A0 50Mb/s burst 500 Mb/s APPLIWAVE,Engagement 12 mois,150.00 
APPLIWAVE,WS-IC-FTTO-A0-50M+-APW-SA,Lien FTTO Access A0 50Mb/s burst 500 Mb/s APPLIWAVE,Engagement 1 mois,150.00 
APPLIWAVE,WS-IC-FTTO-A1-100M-APW-36,Lien FTTO A1 100 Mb/s APPLIWAVE,Engagement 36 mois,250.00 
APPLIWAVE,WS-IC-FTTO-A1-100M-APW-24,Lien FTTO A1 100 Mb/s APPLIWAVE,Engagement 24 mois,250.00 
APPLIWAVE,WS-IC-FTTO-A1-100M-APW-12,Lien FTTO A1 100 Mb/s APPLIWAVE,Engagement 12 mois,250.00 
APPLIWAVE,WS-IC-FTTO-A1-100M-APW-SA,Lien FTTO A1 100 Mb/s APPLIWAVE,Engagement 1 mois,250.00 
APPLIWAVE,WS-IC-FTTO-A1-1G-APW-36,Lien FTTO A1 1 Gb/s APPLIWAVE,Engagement 36 mois,290.00 
APPLIWAVE,WS-IC-FTTO-A1-1G-APW-24,Lien FTTO A1 1 Gb/s APPLIWAVE,Engagement 24 mois,290.00 
APPLIWAVE,WS-IC-FTTO-A1-1G-APW-12,Lien FTTO A1 1 Gb/s APPLIWAVE,Engagement 12 mois,290.00 
APPLIWAVE,WS-IC-FTTO-A1-1G-APW-SA,Lien FTTO A1 1 Gb/s APPLIWAVE,Engagement 1 mois,290.00 
APPLIWAVE,WS-IC-FTTO-A1-10G-APW-36,Lien FTTO A1 10 Gb/s APPLIWAVE,Engagement 36 mois,350.00 
APPLIWAVE,WS-IC-FTTO-A1-10G-APW-24,Lien FTTO A1 10 Gb/s APPLIWAVE,Engagement 24 mois,350.00 
APPLIWAVE,WS-IC-FTTO-A1-10G-APW-12,Lien FTTO A1 10 Gb/s APPLIWAVE,Engagement 12 mois,350.00 
APPLIWAVE,WS-IC-FTTO-A1-10G-APW-SA,Lien FTTO A1 10 Gb/s APPLIWAVE,Engagement 1 mois,350.00 
APPLIWAVE,WS-IC-FTTO-A1-25G-APW-36,Lien FTTO A1 25 Gb/s APPLIWAVE,Engagement 36 mois,450.00 
APPLIWAVE,WS-IC-FTTO-A1-25G-APW-24,Lien FTTO A1 25 Gb/s APPLIWAVE,Engagement 24 mois,450.00 
APPLIWAVE,WS-IC-FTTO-A1-25G-APW-12,Lien FTTO A1 25 Gb/s APPLIWAVE,Engagement 12 mois,450.00 
APPLIWAVE,WS-IC-FTTO-A1-25G-APW-SA,Lien FTTO A1 25 Gb/s APPLIWAVE,Engagement 1 mois,450.00 
APPLIWAVE,WS-IC-FTTO-A1-100G-APW-36,Lien FTTO A1 100 Gb/s APPLIWAVE,Engagement 36 mois,900.00 
APPLIWAVE,WS-IC-FTTO-A1-100G-APW-24,Lien FTTO A1 100 Gb/s APPLIWAVE,Engagement 24 mois,900.00 
APPLIWAVE,WS-IC-FTTO-A1-100G-APW-12,Lien FTTO A1 100 Gb/s APPLIWAVE,Engagement 12 mois,900.00 
APPLIWAVE,WS-IC-FTTO-A1-100G-APW-SA,Lien FTTO A1 100 Gb/s APPLIWAVE,Engagement 1 mois,900.00 
APPLIWAVE,WS-IC-FTTO-A2-20M+-APW-36,Lien FTTO Access A2 20Mb/s burst 100 Mb/s APPLIWAVE,Engagement 36 mois,120.00 
APPLIWAVE,WS-IC-FTTO-A2-20M+-APW-24,Lien FTTO Access A2 20Mb/s burst 100 Mb/s APPLIWAVE,Engagement 24 mois,120.00 
APPLIWAVE,WS-IC-FTTO-A2-20M+-APW-12,Lien FTTO Access A2 20Mb/s burst 100 Mb/s APPLIWAVE,Engagement 12 mois,120.00 
APPLIWAVE,WS-IC-FTTO-A2-20M+-APW-SA,Lien FTTO Access A2 20Mb/s burst 100 Mb/s APPLIWAVE,Engagement 1 mois,120.00 
APPLIWAVE,WS-IC-FTTO-A2-100M-APW-12,Lien FTTO A2 100 Mb/s APPLIWAVE,Engagement 12 mois,250.00 
APPLIWAVE,WS-IC-FTTO-A2-100M-APW-24,Lien FTTO A2 100 Mb/s APPLIWAVE,Engagement 24 mois,250.00 
APPLIWAVE,WS-IC-FTTO-A2-100M-APW-36,Lien FTTO A2 100 Mb/s APPLIWAVE,Engagement 36 mois,250.00 
APPLIWAVE,WS-IC-FTTO-A2-100M-APW-SA,Lien FTTO A2 100 Mb/s APPLIWAVE,Engagement 1 mois,250.00 
APPLIWAVE,WS-IC-FTTO-A2-10G-APW-12,Lien FTTO A2 10 Gb/s APPLIWAVE,Engagement 12 mois,350.00 
APPLIWAVE,WS-IC-FTTO-A2-10G-APW-24,Lien FTTO A2 10 Gb/s APPLIWAVE,Engagement 24 mois,350.00 
APPLIWAVE,WS-IC-FTTO-A2-10G-APW-36,Lien FTTO A2 10 Gb/s APPLIWAVE,Engagement 36 mois,350.00 
APPLIWAVE,WS-IC-FTTO-A2-10G-APW-SA,Lien FTTO A2 10 Gb/s APPLIWAVE,Engagement 1 mois,350.00 
APPLIWAVE,WS-IC-FTTO-A2-1G-APW-12,Lien FTTO A2 1 Gb/s APPLIWAVE,Engagement 12 mois,290.00 
APPLIWAVE,WS-IC-FTTO-A2-1G-APW-24,Lien FTTO A2 1 Gb/s APPLIWAVE,Engagement 24 mois,290.00 
APPLIWAVE,WS-IC-FTTO-A2-1G-APW-36,Lien FTTO A2 1 Gb/s APPLIWAVE,Engagement 36 mois,290.00 
APPLIWAVE,WS-IC-FTTO-A2-1G-APW-SA,Lien FTTO A2 1 Gb/s APPLIWAVE,Engagement 1 mois,290.00 
APPLIWAVE,WS-IC-FTTO-A2-50M+-APW-SA,Lien FTTO Access A2 50Mb/s burst 500 Mb/s APPLIWAVE,Engagement 1 mois,150.00 
APPLIWAVE,WS-IC-FTTO-A2-50M+-APW-12,Lien FTTO Access A2 50Mb/s burst 500 Mb/s APPLIWAVE,Engagement 12 mois,150.00 
APPLIWAVE,WS-IC-FTTO-A2-50M+-APW-24,Lien FTTO Access A2 50Mb/s burst 500 Mb/s APPLIWAVE,Engagement 24 mois,150.00 
APPLIWAVE,WS-IC-FTTO-A2-50M+-APW-36,Lien FTTO Access A2 50Mb/s burst 500 Mb/s APPLIWAVE,Engagement 36 mois,150.00 
APPLIWAVE,WS-IC-FTTO-A2-25G-APW-SA,Lien FTTO A2 25 Gb/s APPLIWAVE,Engagement 1 mois,450.00 
APPLIWAVE,WS-IC-FTTO-A2-25G-APW-12,Lien FTTO A2 25 Gb/s APPLIWAVE,Engagement 12 mois,450.00 
APPLIWAVE,WS-IC-FTTO-A2-25G-APW-24,Lien FTTO A2 25 Gb/s APPLIWAVE,Engagement 24 mois,450.00 
APPLIWAVE,WS-IC-FTTO-A2-25G-APW-36,Lien FTTO A2 25 Gb/s APPLIWAVE,Engagement 36 mois,450.00 
APPLIWAVE,WS-IC-FTTO-A2-100G-APW-SA,Lien FTTO A2 100 Gb/s APPLIWAVE,Engagement 1 mois,900.00 
APPLIWAVE,WS-IC-FTTO-A2-100G-APW-12,Lien FTTO A2 100 Gb/s APPLIWAVE,Engagement 12 mois,900.00 
APPLIWAVE,WS-IC-FTTO-A2-100G-APW-24,Lien FTTO A2 100 Gb/s APPLIWAVE,Engagement 24 mois,900.00 
APPLIWAVE,WS-IC-FTTO-A2-100G-APW-36,Lien FTTO A2 100 Gb/s APPLIWAVE,Engagement 36 mois,900.00 
,,,,
ORANGE,WS-IC-FTTO-O1-10M-NF-ORG-36,Lien FTTO 10 Mb/s O1 ORANGE Non Fibr�,Engagement 36 mois,267.00 
ORANGE,WS-IC-FTTO-O1-10M-NF-ORG-24,Lien FTTO 10 Mb/s O1 ORANGE Non Fibr�,Engagement 24 mois,267.00 
ORANGE,WS-IC-FTTO-O1-10M-NF-ORG-12,Lien FTTO 10 Mb/s O1 ORANGE Non Fibr�,Engagement 12 mois,267.00 
ORANGE,WS-IC-FTTO-O1-20M-NF-ORG-36,Lien FTTO 20 Mb/s O1 ORANGE Non Fibr�,Engagement 36 mois,290.00 
ORANGE,WS-IC-FTTO-O1-20M-NF-ORG-24,Lien FTTO 20 Mb/s O1 ORANGE Non Fibr�,Engagement 24 mois,290.00 
ORANGE,WS-IC-FTTO-O1-20M-NF-ORG-12,Lien FTTO 20 Mb/s O1 ORANGE Non Fibr�,Engagement 12 mois,290.00 
ORANGE,WS-IC-FTTO-O1-30M-NF-ORG-36,Lien FTTO 30 Mb/s O1 ORANGE Non Fibr�,Engagement 36 mois,313.00 
ORANGE,WS-IC-FTTO-O1-30M-NF-ORG-24,Lien FTTO 30 Mb/s O1 ORANGE Non Fibr�,Engagement 24 mois,313.00 
ORANGE,WS-IC-FTTO-O1-30M-NF-ORG-12,Lien FTTO 30 Mb/s O1 ORANGE Non Fibr�,Engagement 12 mois,313.00 
ORANGE,WS-IC-FTTO-O1-40M-NF-ORG-36,Lien FTTO 40 Mb/s O1 ORANGE Non Fibr�,Engagement 36 mois,330.00 
ORANGE,WS-IC-FTTO-O1-40M-NF-ORG-24,Lien FTTO 40 Mb/s O1 ORANGE Non Fibr�,Engagement 24 mois,330.00 
ORANGE,WS-IC-FTTO-O1-40M-NF-ORG-12,Lien FTTO 40 Mb/s O1 ORANGE Non Fibr�,Engagement 12 mois,330.00 
ORANGE,WS-IC-FTTO-O1-50M-NF-ORG-36,Lien FTTO 50 Mb/s O1 ORANGE Non Fibr�,Engagement 36 mois,347.00 
ORANGE,WS-IC-FTTO-O1-50M-NF-ORG-24,Lien FTTO 50 Mb/s O1 ORANGE Non Fibr�,Engagement 24 mois,347.00 
ORANGE,WS-IC-FTTO-O1-50M-NF-ORG-12,Lien FTTO 50 Mb/s O1 ORANGE Non Fibr�,Engagement 12 mois,347.00 
ORANGE,WS-IC-FTTO-O1-100M-NF-ORG-36,Lien FTTO 100 Mb/s O1 ORANGE Non Fibr�,Engagement 36 mois,393.00 
ORANGE,WS-IC-FTTO-O1-100M-NF-ORG-24,Lien FTTO 100 Mb/s O1 ORANGE Non Fibr�,Engagement 24 mois,393.00 
ORANGE,WS-IC-FTTO-O1-100M-NF-ORG-12,Lien FTTO 100 Mb/s O1 ORANGE Non Fibr�,Engagement 12 mois,393.00 
ORANGE,WS-IC-FTTO-O1-200M-NF-ORG-36,Lien FTTO 200 Mb/s O1 ORANGE Non Fibr�,Engagement 36 mois,462.00 
ORANGE,WS-IC-FTTO-O1-200M-NF-ORG-24,Lien FTTO 200 Mb/s O1 ORANGE Non Fibr�,Engagement 24 mois,462.00 
ORANGE,WS-IC-FTTO-O1-200M-NF-ORG-12,Lien FTTO 200 Mb/s O1 ORANGE Non Fibr�,Engagement 12 mois,462.00 
ORANGE,WS-IC-FTTO-O1-300M-NF-ORG-36,Lien FTTO 300 Mb/s O1 ORANGE Non Fibr�,Engagement 36 mois,531.00 
ORANGE,WS-IC-FTTO-O1-300M-NF-ORG-24,Lien FTTO 300 Mb/s O1 ORANGE Non Fibr�,Engagement 24 mois,531.00 
ORANGE,WS-IC-FTTO-O1-300M-NF-ORG-12,Lien FTTO 300 Mb/s O1 ORANGE Non Fibr�,Engagement 12 mois,531.00 
ORANGE,WS-IC-FTTO-O1-500M-NF-ORG-36,Lien FTTO 500 Mb/s O1 ORANGE Non Fibr�,Engagement 36 mois,595.00 
ORANGE,WS-IC-FTTO-O1-500M-NF-ORG-24,Lien FTTO 500 Mb/s O1 ORANGE Non Fibr�,Engagement 24 mois,595.00 
ORANGE,WS-IC-FTTO-O1-500M-NF-ORG-12,Lien FTTO 500 Mb/s O1 ORANGE Non Fibr�,Engagement 12 mois,595.00 
ORANGE,WS-IC-FTTO-O1-1G-NF-ORG-36,Lien FTTO 1 Gb/s O1 ORANGE Non Fibr�,Engagement 36 mois,698.00 
ORANGE,WS-IC-FTTO-O1-1G-NF-ORG-24,Lien FTTO 1 Gb/s O1 ORANGE Non Fibr�,Engagement 24 mois,698.00 
ORANGE,WS-IC-FTTO-O1-1G-NF-ORG-12,Lien FTTO 1 Gb/s O1 ORANGE Non Fibr�,Engagement 12 mois,698.00 
ORANGE,WS-IC-FTTO-O2A-10M-NF-ORG-36,Lien FTTO 10 Mb/s O2A ORANGE Non Fibr�,Engagement 36 mois,314.00 
ORANGE,WS-IC-FTTO-O2A-10M-NF-ORG-24,Lien FTTO 10 Mb/s O2A ORANGE Non Fibr�,Engagement 24 mois,314.00 
ORANGE,WS-IC-FTTO-O2A-10M-NF-ORG-12,Lien FTTO 10 Mb/s O2A ORANGE Non Fibr�,Engagement 12 mois,314.00 
ORANGE,WS-IC-FTTO-O2A-20M-NF-ORG-36,Lien FTTO 20 Mb/s O2A ORANGE Non Fibr�,Engagement 36 mois,333.00 
ORANGE,WS-IC-FTTO-O2A-20M-NF-ORG-24,Lien FTTO 20 Mb/s O2A ORANGE Non Fibr�,Engagement 24 mois,333.00 
ORANGE,WS-IC-FTTO-O2A-20M-NF-ORG-12,Lien FTTO 20 Mb/s O2A ORANGE Non Fibr�,Engagement 12 mois,333.00 
ORANGE,WS-IC-FTTO-O2A-30M-NF-ORG-36,Lien FTTO 30 Mb/s O2A ORANGE Non Fibr�,Engagement 36 mois,360.00 
ORANGE,WS-IC-FTTO-O2A-30M-NF-ORG-24,Lien FTTO 30 Mb/s O2A ORANGE Non Fibr�,Engagement 24 mois,360.00 
ORANGE,WS-IC-FTTO-O2A-30M-NF-ORG-12,Lien FTTO 30 Mb/s O2A ORANGE Non Fibr�,Engagement 12 mois,360.00 
ORANGE,WS-IC-FTTO-O2A-40M-NF-ORG-36,Lien FTTO 40 Mb/s O2A ORANGE Non Fibr�,Engagement 36 mois,378.00 
ORANGE,WS-IC-FTTO-O2A-40M-NF-ORG-24,Lien FTTO 40 Mb/s O2A ORANGE Non Fibr�,Engagement 24 mois,378.00 
ORANGE,WS-IC-FTTO-O2A-40M-NF-ORG-12,Lien FTTO 40 Mb/s O2A ORANGE Non Fibr�,Engagement 12 mois,378.00 
ORANGE,WS-IC-FTTO-O2A-50M-NF-ORG-36,Lien FTTO 50 Mb/s O2A ORANGE Non Fibr�,Engagement 36 mois,397.00 
ORANGE,WS-IC-FTTO-O2A-50M-NF-ORG-24,Lien FTTO 50 Mb/s O2A ORANGE Non Fibr�,Engagement 24 mois,397.00 
ORANGE,WS-IC-FTTO-O2A-50M-NF-ORG-12,Lien FTTO 50 Mb/s O2A ORANGE Non Fibr�,Engagement 12 mois,397.00 
ORANGE,WS-IC-FTTO-O2A-100M-NF-ORG-36,Lien FTTO 100 Mb/s O2A ORANGE Non Fibr�,Engagement 36 mois,447.00 
ORANGE,WS-IC-FTTO-O2A-100M-NF-ORG-24,Lien FTTO 100 Mb/s O2A ORANGE Non Fibr�,Engagement 24 mois,447.00 
ORANGE,WS-IC-FTTO-O2A-100M-NF-ORG-12,Lien FTTO 100 Mb/s O2A ORANGE Non Fibr�,Engagement 12 mois,447.00 
ORANGE,WS-IC-FTTO-O2A-200M-NF-ORG-36,Lien FTTO 200 Mb/s O2A ORANGE Non Fibr�,Engagement 36 mois,531.00 
ORANGE,WS-IC-FTTO-O2A-200M-NF-ORG-24,Lien FTTO 200 Mb/s O2A ORANGE Non Fibr�,Engagement 24 mois,531.00 
ORANGE,WS-IC-FTTO-O2A-200M-NF-ORG-12,Lien FTTO 200 Mb/s O2A ORANGE Non Fibr�,Engagement 12 mois,531.00 
ORANGE,WS-IC-FTTO-O2A-300M-NF-ORG-36,Lien FTTO 300 Mb/s O2A ORANGE Non Fibr�,Engagement 36 mois,607.00 
ORANGE,WS-IC-FTTO-O2A-300M-NF-ORG-24,Lien FTTO 300 Mb/s O2A ORANGE Non Fibr�,Engagement 24 mois,607.00 
ORANGE,WS-IC-FTTO-O2A-300M-NF-ORG-12,Lien FTTO 300 Mb/s O2A ORANGE Non Fibr�,Engagement 12 mois,607.00 
ORANGE,WS-IC-FTTO-O2A-500M-NF-ORG-36,Lien FTTO 500 Mb/s O2A ORANGE Non Fibr�,Engagement 36 mois,681.00 
ORANGE,WS-IC-FTTO-O2A-500M-NF-ORG-24,Lien FTTO 500 Mb/s O2A ORANGE Non Fibr�,Engagement 24 mois,681.00 
ORANGE,WS-IC-FTTO-O2A-500M-NF-ORG-12,Lien FTTO 500 Mb/s O2A ORANGE Non Fibr�,Engagement 12 mois,681.00 
ORANGE,WS-IC-FTTO-O2A-1G-NF-ORG-36,Lien FTTO 1 Gb/s O2A ORANGE Non Fibr�,Engagement 36 mois,802.00 
ORANGE,WS-IC-FTTO-O2A-1G-NF-ORG-24,Lien FTTO 1 Gb/s O2A ORANGE Non Fibr�,Engagement 24 mois,802.00 
ORANGE,WS-IC-FTTO-O2A-1G-NF-ORG-12,Lien FTTO 1 Gb/s O2A ORANGE Non Fibr�,Engagement 12 mois,802.00 
ORANGE,WS-IC-FTTO-O2B-10M-NF-ORG-36,Lien FTTO 10 Mb/s O2B ORANGE Non Fibr�,Engagement 36 mois,493.00 
ORANGE,WS-IC-FTTO-O2B-10M-NF-ORG-24,Lien FTTO 10 Mb/s O2B ORANGE Non Fibr�,Engagement 24 mois,493.00 
ORANGE,WS-IC-FTTO-O2B-10M-NF-ORG-12,Lien FTTO 10 Mb/s O2B ORANGE Non Fibr�,Engagement 12 mois,493.00 
ORANGE,WS-IC-FTTO-O2B-20M-NF-ORG-36,Lien FTTO 20 Mb/s O2B ORANGE Non Fibr�,Engagement 36 mois,552.00 
ORANGE,WS-IC-FTTO-O2B-20M-NF-ORG-24,Lien FTTO 20 Mb/s O2B ORANGE Non Fibr�,Engagement 24 mois,552.00 
ORANGE,WS-IC-FTTO-O2B-20M-NF-ORG-12,Lien FTTO 20 Mb/s O2B ORANGE Non Fibr�,Engagement 12 mois,552.00 
ORANGE,WS-IC-FTTO-O2B-30M-NF-ORG-36,Lien FTTO 30 Mb/s O2B ORANGE Non Fibr�,Engagement 36 mois,619.00 
ORANGE,WS-IC-FTTO-O2B-30M-NF-ORG-24,Lien FTTO 30 Mb/s O2B ORANGE Non Fibr�,Engagement 24 mois,619.00 
ORANGE,WS-IC-FTTO-O2B-30M-NF-ORG-12,Lien FTTO 30 Mb/s O2B ORANGE Non Fibr�,Engagement 12 mois,619.00 
ORANGE,WS-IC-FTTO-O2B-40M-NF-ORG-36,Lien FTTO 40 Mb/s O2B ORANGE Non Fibr�,Engagement 36 mois,668.00 
ORANGE,WS-IC-FTTO-O2B-40M-NF-ORG-24,Lien FTTO 40 Mb/s O2B ORANGE Non Fibr�,Engagement 24 mois,668.00 
ORANGE,WS-IC-FTTO-O2B-40M-NF-ORG-12,Lien FTTO 40 Mb/s O2B ORANGE Non Fibr�,Engagement 12 mois,668.00 
ORANGE,WS-IC-FTTO-O2B-50M-NF-ORG-36,Lien FTTO 50 Mb/s O2B ORANGE Non Fibr�,Engagement 36 mois,699.00 
ORANGE,WS-IC-FTTO-O2B-50M-NF-ORG-24,Lien FTTO 50 Mb/s O2B ORANGE Non Fibr�,Engagement 24 mois,699.00 
ORANGE,WS-IC-FTTO-O2B-50M-NF-ORG-12,Lien FTTO 50 Mb/s O2B ORANGE Non Fibr�,Engagement 12 mois,699.00 
ORANGE,WS-IC-FTTO-O2B-100M-NF-ORG-36,Lien FTTO 100 Mb/s O2B ORANGE Non Fibr�,Engagement 36 mois,734.00 
ORANGE,WS-IC-FTTO-O2B-100M-NF-ORG-24,Lien FTTO 100 Mb/s O2B ORANGE Non Fibr�,Engagement 24 mois,734.00 
ORANGE,WS-IC-FTTO-O2B-100M-NF-ORG-12,Lien FTTO 100 Mb/s O2B ORANGE Non Fibr�,Engagement 12 mois,734.00 
ORANGE,WS-IC-FTTO-O2B-200M-NF-ORG-36,Lien FTTO 200 Mb/s O2B ORANGE Non Fibr�,Engagement 36 mois,802.00 
ORANGE,WS-IC-FTTO-O2B-200M-NF-ORG-24,Lien FTTO 200 Mb/s O2B ORANGE Non Fibr�,Engagement 24 mois,802.00 
ORANGE,WS-IC-FTTO-O2B-200M-NF-ORG-12,Lien FTTO 200 Mb/s O2B ORANGE Non Fibr�,Engagement 12 mois,802.00 
ORANGE,WS-IC-FTTO-O2B-300M-NF-ORG-24,Lien FTTO 300 Mb/s O2B ORANGE Non Fibr�,Engagement 24 mois,819.00 
ORANGE,WS-IC-FTTO-O2B-300M-NF-ORG-12,Lien FTTO 300 Mb/s O2B ORANGE Non Fibr�,Engagement 12 mois,819.00 
ORANGE,WS-IC-FTTO-O2B-300M-NF-ORG-36,Lien FTTO 300 Mb/s O2B ORANGE Non Fibr�,Engagement 36 mois,819.00 
ORANGE,WS-IC-FTTO-O2B-500M-NF-ORG-36,Lien FTTO 500 Mb/s O2B ORANGE Non Fibr�,Engagement 36 mois,926.00 
ORANGE,WS-IC-FTTO-O2B-500M-NF-ORG-24,Lien FTTO 500 Mb/s O2B ORANGE Non Fibr�,Engagement 24 mois,926.00 
ORANGE,WS-IC-FTTO-O2B-500M-NF-ORG-12,Lien FTTO 500 Mb/s O2B ORANGE Non Fibr�,Engagement 12 mois,926.00 
ORANGE,WS-IC-FTTO-O2B-1G-NF-ORG-36,Lien FTTO 1 Gb/s O2B ORANGE Non Fibr�,Engagement 36 mois,1035.00 
ORANGE,WS-IC-FTTO-O2B-1G-NF-ORG-24,Lien FTTO 1 Gb/s O2B ORANGE Non Fibr�,Engagement 24 mois,1035.00 
ORANGE,WS-IC-FTTO-O2B-1G-NF-ORG-12,Lien FTTO 1 Gb/s O2B ORANGE Non Fibr�,Engagement 12 mois,1035.00 
ORANGE,WS-IC-FTTO-O3-10M-NF-ORG-36,Lien FTTO 10 Mb/s O3 ORANGE Non Fibr�,Engagement 36 mois,603.00 
ORANGE,WS-IC-FTTO-O3-10M-NF-ORG-24,Lien FTTO 10 Mb/s O3 ORANGE Non Fibr�,Engagement 24 mois,603.00 
ORANGE,WS-IC-FTTO-O3-10M-NF-ORG-12,Lien FTTO 10 Mb/s O3 ORANGE Non Fibr�,Engagement 12 mois,603.00 
ORANGE,WS-IC-FTTO-O3-20M-NF-ORG-36,Lien FTTO 20 Mb/s O3 ORANGE Non Fibr�,Engagement 36 mois,647.00 
ORANGE,WS-IC-FTTO-O3-20M-NF-ORG-24,Lien FTTO 20 Mb/s O3 ORANGE Non Fibr�,Engagement 24 mois,647.00 
ORANGE,WS-IC-FTTO-O3-20M-NF-ORG-12,Lien FTTO 20 Mb/s O3 ORANGE Non Fibr�,Engagement 12 mois,647.00 
ORANGE,WS-IC-FTTO-O3-30M-NF-ORG-36,Lien FTTO 30 Mb/s O3 ORANGE Non Fibr�,Engagement 36 mois,779.00 
ORANGE,WS-IC-FTTO-O3-30M-NF-ORG-24,Lien FTTO 30 Mb/s O3 ORANGE Non Fibr�,Engagement 24 mois,779.00 
ORANGE,WS-IC-FTTO-O3-30M-NF-ORG-12,Lien FTTO 30 Mb/s O3 ORANGE Non Fibr�,Engagement 12 mois,779.00 
ORANGE,WS-IC-FTTO-O3-40M-NF-ORG-36,Lien FTTO 40 Mb/s O3 ORANGE Non Fibr�,Engagement 36 mois,850.00 
ORANGE,WS-IC-FTTO-O3-40M-NF-ORG-24,Lien FTTO 40 Mb/s O3 ORANGE Non Fibr�,Engagement 24 mois,850.00 
ORANGE,WS-IC-FTTO-O3-40M-NF-ORG-12,Lien FTTO 40 Mb/s O3 ORANGE Non Fibr�,Engagement 12 mois,850.00 
ORANGE,WS-IC-FTTO-O3-50M-NF-ORG-36,Lien FTTO 50 Mb/s O3 ORANGE Non Fibr�,Engagement 36 mois,890.00 
ORANGE,WS-IC-FTTO-O3-50M-NF-ORG-24,Lien FTTO 50 Mb/s O3 ORANGE Non Fibr�,Engagement 24 mois,890.00 
ORANGE,WS-IC-FTTO-O3-50M-NF-ORG-12,Lien FTTO 50 Mb/s O3 ORANGE Non Fibr�,Engagement 12 mois,890.00 
ORANGE,WS-IC-FTTO-O3-100M-NF-ORG-36,Lien FTTO 100 Mb/s O3 ORANGE Non Fibr�,Engagement 36 mois,935.00 
ORANGE,WS-IC-FTTO-O3-100M-NF-ORG-24,Lien FTTO 100 Mb/s O3 ORANGE Non Fibr�,Engagement 24 mois,935.00 
ORANGE,WS-IC-FTTO-O3-100M-NF-ORG-12,Lien FTTO 100 Mb/s O3 ORANGE Non Fibr�,Engagement 12 mois,935.00 
ORANGE,WS-IC-FTTO-O3-200M-NF-ORG-36,Lien FTTO 200 Mb/s O3 ORANGE Non Fibr�,Engagement 36 mois,1022.00 
ORANGE,WS-IC-FTTO-O3-200M-NF-ORG-24,Lien FTTO 200 Mb/s O3 ORANGE Non Fibr�,Engagement 24 mois,1022.00 
ORANGE,WS-IC-FTTO-O3-200M-NF-ORG-12,Lien FTTO 200 Mb/s O3 ORANGE Non Fibr�,Engagement 12 mois,1022.00 
ORANGE,WS-IC-FTTO-O3-300M-NF-ORG-36,Lien FTTO 300 Mb/s O3 ORANGE Non Fibr�,Engagement 36 mois,1044.00 
ORANGE,WS-IC-FTTO-O3-300M-NF-ORG-24,Lien FTTO 300 Mb/s O3 ORANGE Non Fibr�,Engagement 24 mois,1044.00 
ORANGE,WS-IC-FTTO-O3-300M-NF-ORG-12,Lien FTTO 300 Mb/s O3 ORANGE Non Fibr�,Engagement 12 mois,1044.00 
ORANGE,WS-IC-FTTO-O3-500M-NF-ORG-36,Lien FTTO 500 Mb/s O3 ORANGE Non Fibr�,Engagement 36 mois,1184.00 
ORANGE,WS-IC-FTTO-O3-500M-NF-ORG-24,Lien FTTO 500 Mb/s O3 ORANGE Non Fibr�,Engagement 24 mois,1184.00 
ORANGE,WS-IC-FTTO-O3-500M-NF-ORG-12,Lien FTTO 500 Mb/s O3 ORANGE Non Fibr�,Engagement 12 mois,1184.00 
ORANGE,WS-IC-FTTO-O3-1G-NF-ORG-36,Lien FTTO 1 Gb/s O3 ORANGE Non Fibr�,Engagement 36 mois,1325.00 
ORANGE,WS-IC-FTTO-O3-1G-NF-ORG-24,Lien FTTO 1 Gb/s O3 ORANGE Non Fibr�,Engagement 24 mois,1325.00 
ORANGE,WS-IC-FTTO-O3-1G-NF-ORG-12,Lien FTTO 1 Gb/s O3 ORANGE Non Fibr�,Engagement 12 mois,1325.00 
ORANGE,WS-IC-FTTO-O1-10M-ORG-36,Lien FTTO 10 Mb/s O1 ORANGE Fibr�,Engagement 36 mois,235.00 
ORANGE,WS-IC-FTTO-O1-10M-ORG-24,Lien FTTO 10 Mb/s O1 ORANGE Fibr�,Engagement 24 mois,235.00 
ORANGE,WS-IC-FTTO-O1-10M-ORG-12,Lien FTTO 10 Mb/s O1 ORANGE Fibr�,Engagement 12 mois,235.00 
ORANGE,WS-IC-FTTO-O1-20M-ORG-36,Lien FTTO 20 Mb/s O1 ORANGE Fibr�,Engagement 36 mois,258.00 
ORANGE,WS-IC-FTTO-O1-20M-ORG-24,Lien FTTO 20 Mb/s O1 ORANGE Fibr�,Engagement 24 mois,258.00 
ORANGE,WS-IC-FTTO-O1-20M-ORG-12,Lien FTTO 20 Mb/s O1 ORANGE Fibr�,Engagement 12 mois,258.00 
ORANGE,WS-IC-FTTO-O1-30M-ORG-36,Lien FTTO 30 Mb/s O1 ORANGE Fibr�,Engagement 36 mois,281.00 
ORANGE,WS-IC-FTTO-O1-30M-ORG-24,Lien FTTO 30 Mb/s O1 ORANGE Fibr�,Engagement 24 mois,281.00 
ORANGE,WS-IC-FTTO-O1-30M-ORG-12,Lien FTTO 30 Mb/s O1 ORANGE Fibr�,Engagement 12 mois,281.00 
ORANGE,WS-IC-FTTO-O1-40M-ORG-36,Lien FTTO 40 Mb/s O1 ORANGE Fibr�,Engagement 36 mois,298.00 
ORANGE,WS-IC-FTTO-O1-40M-ORG-24,Lien FTTO 40 Mb/s O1 ORANGE Fibr�,Engagement 24 mois,298.00 
ORANGE,WS-IC-FTTO-O1-40M-ORG-12,Lien FTTO 40 Mb/s O1 ORANGE Fibr�,Engagement 12 mois,298.00 
ORANGE,WS-IC-FTTO-O1-50M-ORG-36,Lien FTTO 50 Mb/s O1 ORANGE Fibr�,Engagement 36 mois,315.00 
ORANGE,WS-IC-FTTO-O1-50M-ORG-24,Lien FTTO 50 Mb/s O1 ORANGE Fibr�,Engagement 24 mois,315.00 
ORANGE,WS-IC-FTTO-O1-50M-ORG-12,Lien FTTO 50 Mb/s O1 ORANGE Fibr�,Engagement 12 mois,315.00 
ORANGE,WS-IC-FTTO-O1-100M-ORG-36,Lien FTTO 100 Mb/s O1 ORANGE Fibr�,Engagement 36 mois,361.00 
ORANGE,WS-IC-FTTO-O1-100M-ORG-24,Lien FTTO 100 Mb/s O1 ORANGE Fibr�,Engagement 24 mois,361.00 
ORANGE,WS-IC-FTTO-O1-100M-ORG-12,Lien FTTO 100 Mb/s O1 ORANGE Fibr�,Engagement 12 mois,361.00 
ORANGE,WS-IC-FTTO-O1-200M-ORG-36,Lien FTTO 200 Mb/s O1 ORANGE Fibr�,Engagement 36 mois,430.00 
ORANGE,WS-IC-FTTO-O1-200M-ORG-24,Lien FTTO 200 Mb/s O1 ORANGE Fibr�,Engagement 24 mois,430.00 
ORANGE,WS-IC-FTTO-O1-200M-ORG-12,Lien FTTO 200 Mb/s O1 ORANGE Fibr�,Engagement 12 mois,430.00 
ORANGE,WS-IC-FTTO-O1-300M-ORG-36,Lien FTTO 300 Mb/s O1 ORANGE Fibr�,Engagement 36 mois,499.00 
ORANGE,WS-IC-FTTO-O1-300M-ORG-24,Lien FTTO 300 Mb/s O1 ORANGE Fibr�,Engagement 24 mois,499.00 
ORANGE,WS-IC-FTTO-O1-300M-ORG-12,Lien FTTO 300 Mb/s O1 ORANGE Fibr�,Engagement 12 mois,499.00 
ORANGE,WS-IC-FTTO-O1-500M-ORG-36,Lien FTTO 500 Mb/s O1 ORANGE Fibr�,Engagement 36 mois,563.00 
ORANGE,WS-IC-FTTO-O1-500M-ORG-24,Lien FTTO 500 Mb/s O1 ORANGE Fibr�,Engagement 24 mois,563.00 
ORANGE,WS-IC-FTTO-O1-500M-ORG-12,Lien FTTO 500 Mb/s O1 ORANGE Fibr�,Engagement 12 mois,563.00 
ORANGE,WS-IC-FTTO-O1-1G-ORG-36,Lien FTTO 1 Gb/s O1 ORANGE Fibr�,Engagement 36 mois,666.00 
ORANGE,WS-IC-FTTO-O1-1G-ORG-24,Lien FTTO 1 Gb/s O1 ORANGE Fibr�,Engagement 24 mois,666.00 
ORANGE,WS-IC-FTTO-O1-1G-ORG-12,Lien FTTO 1 Gb/s O1 ORANGE Fibr�,Engagement 12 mois,666.00 
ORANGE,WS-IC-FTTO-O2A-10M-ORG-36,Lien FTTO 10 Mb/s O2A ORANGE Fibr�,Engagement 36 mois,273.00 
ORANGE,WS-IC-FTTO-O2A-10M-ORG-24,Lien FTTO 10 Mb/s O2A ORANGE Fibr�,Engagement 24 mois,273.00 
ORANGE,WS-IC-FTTO-O2A-10M-ORG-12,Lien FTTO 10 Mb/s O2A ORANGE Fibr�,Engagement 12 mois,273.00 
ORANGE,WS-IC-FTTO-O2A-20M-ORG-36,Lien FTTO 20 Mb/s O2A ORANGE Fibr�,Engagement 36 mois,293.00 
ORANGE,WS-IC-FTTO-O2A-20M-ORG-24,Lien FTTO 20 Mb/s O2A ORANGE Fibr�,Engagement 24 mois,293.00 
ORANGE,WS-IC-FTTO-O2A-20M-ORG-12,Lien FTTO 20 Mb/s O2A ORANGE Fibr�,Engagement 12 mois,293.00 
ORANGE,WS-IC-FTTO-O2A-30M-ORG-36,Lien FTTO 30 Mb/s O2A ORANGE Fibr�,Engagement 36 mois,319.00 
ORANGE,WS-IC-FTTO-O2A-30M-ORG-24,Lien FTTO 30 Mb/s O2A ORANGE Fibr�,Engagement 24 mois,319.00 
ORANGE,WS-IC-FTTO-O2A-30M-ORG-12,Lien FTTO 30 Mb/s O2A ORANGE Fibr�,Engagement 12 mois,319.00 
ORANGE,WS-IC-FTTO-O2A-40M-ORG-36,Lien FTTO 40 Mb/s O2A ORANGE Fibr�,Engagement 36 mois,338.00 
ORANGE,WS-IC-FTTO-O2A-40M-ORG-24,Lien FTTO 40 Mb/s O2A ORANGE Fibr�,Engagement 24 mois,338.00 
ORANGE,WS-IC-FTTO-O2A-40M-ORG-12,Lien FTTO 40 Mb/s O2A ORANGE Fibr�,Engagement 12 mois,338.00 
ORANGE,WS-IC-FTTO-O2A-50M-ORG-36,Lien FTTO 50 Mb/s O2A ORANGE Fibr�,Engagement 36 mois,356.00 
ORANGE,WS-IC-FTTO-O2A-50M-ORG-24,Lien FTTO 50 Mb/s O2A ORANGE Fibr�,Engagement 24 mois,356.00 
ORANGE,WS-IC-FTTO-O2A-50M-ORG-12,Lien FTTO 50 Mb/s O2A ORANGE Fibr�,Engagement 12 mois,356.00 
ORANGE,WS-IC-FTTO-O2A-100M-ORG-36,Lien FTTO 100 Mb/s O2A ORANGE Fibr�,Engagement 36 mois,407.00 
ORANGE,WS-IC-FTTO-O2A-100M-ORG-24,Lien FTTO 100 Mb/s O2A ORANGE Fibr�,Engagement 24 mois,407.00 
ORANGE,WS-IC-FTTO-O2A-100M-ORG-12,Lien FTTO 100 Mb/s O2A ORANGE Fibr�,Engagement 12 mois,407.00 
ORANGE,WS-IC-FTTO-O2A-200M-ORG-36,Lien FTTO 200 Mb/s O2A ORANGE Fibr�,Engagement 36 mois,491.00 
ORANGE,WS-IC-FTTO-O2A-200M-ORG-24,Lien FTTO 200 Mb/s O2A ORANGE Fibr�,Engagement 24 mois,491.00 
ORANGE,WS-IC-FTTO-O2A-200M-ORG-12,Lien FTTO 200 Mb/s O2A ORANGE Fibr�,Engagement 12 mois,491.00 
ORANGE,WS-IC-FTTO-O2A-300M-ORG-36,Lien FTTO 300 Mb/s O2A ORANGE Fibr�,Engagement 36 mois,567.00 
ORANGE,WS-IC-FTTO-O2A-300M-ORG-24,Lien FTTO 300 Mb/s O2A ORANGE Fibr�,Engagement 24 mois,567.00 
ORANGE,WS-IC-FTTO-O2A-300M-ORG-12,Lien FTTO 300 Mb/s O2A ORANGE Fibr�,Engagement 12 mois,567.00 
ORANGE,WS-IC-FTTO-O2A-500M-ORG-36,Lien FTTO 500 Mb/s O2A ORANGE Fibr�,Engagement 36 mois,640.00 
ORANGE,WS-IC-FTTO-O2A-500M-ORG-24,Lien FTTO 500 Mb/s O2A ORANGE Fibr�,Engagement 24 mois,640.00 
ORANGE,WS-IC-FTTO-O2A-500M-ORG-12,Lien FTTO 500 Mb/s O2A ORANGE Fibr�,Engagement 12 mois,640.00 
ORANGE,WS-IC-FTTO-O2A-1G-ORG-36,Lien FTTO 1 Gb/s O2A ORANGE Fibr�,Engagement 36 mois,761.00 
ORANGE,WS-IC-FTTO-O2A-1G-ORG-24,Lien FTTO 1 Gb/s O2A ORANGE Fibr�,Engagement 24 mois,761.00 
ORANGE,WS-IC-FTTO-O2A-1G-ORG-12,Lien FTTO 1 Gb/s O2A ORANGE Fibr�,Engagement 12 mois,761.00 
ORANGE,WS-IC-FTTO-O2B-10M-ORG-36,Lien FTTO 10 Mb/s O2B ORANGE Fibr�,Engagement 36 mois,453.00 
ORANGE,WS-IC-FTTO-O2B-10M-ORG-24,Lien FTTO 10 Mb/s O2B ORANGE Fibr�,Engagement 24 mois,453.00 
ORANGE,WS-IC-FTTO-O2B-10M-ORG-12,Lien FTTO 10 Mb/s O2B ORANGE Fibr�,Engagement 12 mois,453.00 
ORANGE,WS-IC-FTTO-O2B-20M-ORG-36,Lien FTTO 20 Mb/s O2B ORANGE Fibr�,Engagement 36 mois,511.00 
ORANGE,WS-IC-FTTO-O2B-20M-ORG-24,Lien FTTO 20 Mb/s O2B ORANGE Fibr�,Engagement 24 mois,511.00 
ORANGE,WS-IC-FTTO-O2B-20M-ORG-12,Lien FTTO 20 Mb/s O2B ORANGE Fibr�,Engagement 12 mois,511.00 
ORANGE,WS-IC-FTTO-O2B-30M-ORG-36,Lien FTTO 30 Mb/s O2B ORANGE Fibr�,Engagement 36 mois,578.00 
ORANGE,WS-IC-FTTO-O2B-30M-ORG-24,Lien FTTO 30 Mb/s O2B ORANGE Fibr�,Engagement 24 mois,578.00 
ORANGE,WS-IC-FTTO-O2B-30M-ORG-12,Lien FTTO 30 Mb/s O2B ORANGE Fibr�,Engagement 12 mois,578.00 
ORANGE,WS-IC-FTTO-O2B-40M-ORG-36,Lien FTTO 40 Mb/s O2B ORANGE Fibr�,Engagement 36 mois,628.00 
ORANGE,WS-IC-FTTO-O2B-40M-ORG-24,Lien FTTO 40 Mb/s O2B ORANGE Fibr�,Engagement 24 mois,628.00 
ORANGE,WS-IC-FTTO-O2B-40M-ORG-12,Lien FTTO 40 Mb/s O2B ORANGE Fibr�,Engagement 12 mois,628.00 
ORANGE,WS-IC-FTTO-O2B-50M-ORG-36,Lien FTTO 50 Mb/s O2B ORANGE Fibr�,Engagement 36 mois,659.00 
ORANGE,WS-IC-FTTO-O2B-50M-ORG-24,Lien FTTO 50 Mb/s O2B ORANGE Fibr�,Engagement 24 mois,659.00 
ORANGE,WS-IC-FTTO-O2B-50M-ORG-12,Lien FTTO 50 Mb/s O2B ORANGE Fibr�,Engagement 12 mois,659.00 
ORANGE,WS-IC-FTTO-O2B-100M-ORG-36,Lien FTTO 100 Mb/s O2B ORANGE Fibr�,Engagement 36 mois,693.00 
ORANGE,WS-IC-FTTO-O2B-100M-ORG-24,Lien FTTO 100 Mb/s O2B ORANGE Fibr�,Engagement 24 mois,693.00 
ORANGE,WS-IC-FTTO-O2B-100M-ORG-12,Lien FTTO 100 Mb/s O2B ORANGE Fibr�,Engagement 12 mois,693.00 
ORANGE,WS-IC-FTTO-O2B-200M-ORG-36,Lien FTTO 200 Mb/s O2B ORANGE Fibr�,Engagement 36 mois,761.00 
ORANGE,WS-IC-FTTO-O2B-200M-ORG-24,Lien FTTO 200 Mb/s O2B ORANGE Fibr�,Engagement 24 mois,761.00 
ORANGE,WS-IC-FTTO-O2B-200M-ORG-12,Lien FTTO 200 Mb/s O2B ORANGE Fibr�,Engagement 12 mois,761.00 
ORANGE,WS-IC-FTTO-O2B-300M-ORG-36,Lien FTTO 300 Mb/s O2B ORANGE Fibr�,Engagement 36 mois,778.00 
ORANGE,WS-IC-FTTO-O2B-300M-ORG-24,Lien FTTO 300 Mb/s O2B ORANGE Fibr�,Engagement 24 mois,778.00 
ORANGE,WS-IC-FTTO-O2B-300M-ORG-12,Lien FTTO 300 Mb/s O2B ORANGE Fibr�,Engagement 12 mois,778.00 
ORANGE,WS-IC-FTTO-O2B-500M-ORG-36,Lien FTTO 500 Mb/s O2B ORANGE Fibr�,Engagement 36 mois,885.00 
ORANGE,WS-IC-FTTO-O2B-500M-ORG-24,Lien FTTO 500 Mb/s O2B ORANGE Fibr�,Engagement 24 mois,885.00 
ORANGE,WS-IC-FTTO-O2B-500M-ORG-12,Lien FTTO 500 Mb/s O2B ORANGE Fibr�,Engagement 12 mois,885.00 
ORANGE,WS-IC-FTTO-O2B-1G-ORG-36,Lien FTTO 1 Gb/s O2B ORANGE Fibr�,Engagement 36 mois,994.00 
ORANGE,WS-IC-FTTO-O2B-1G-ORG-24,Lien FTTO 1 Gb/s O2B ORANGE Fibr�,Engagement 24 mois,994.00 
ORANGE,WS-IC-FTTO-O2B-1G-ORG-12,Lien FTTO 1 Gb/s O2B ORANGE Fibr�,Engagement 12 mois,994.00 
ORANGE,WS-IC-FTTO-O3-10M-ORG-36,Lien FTTO 10 Mb/s O3 ORANGE Fibr�,Engagement 36 mois,562.00 
ORANGE,WS-IC-FTTO-O3-10M-ORG-24,Lien FTTO 10 Mb/s O3 ORANGE Fibr�,Engagement 24 mois,562.00 
ORANGE,WS-IC-FTTO-O3-10M-ORG-12,Lien FTTO 10 Mb/s O3 ORANGE Fibr�,Engagement 12 mois,562.00 
ORANGE,WS-IC-FTTO-O3-20M-ORG-36,Lien FTTO 20 Mb/s O3 ORANGE Fibr�,Engagement 36 mois,607.00 
ORANGE,WS-IC-FTTO-O3-20M-ORG-24,Lien FTTO 20 Mb/s O3 ORANGE Fibr�,Engagement 24 mois,607.00 
ORANGE,WS-IC-FTTO-O3-20M-ORG-12,Lien FTTO 20 Mb/s O3 ORANGE Fibr�,Engagement 12 mois,607.00 
ORANGE,WS-IC-FTTO-O3-30M-ORG-36,Lien FTTO 30 Mb/s O3 ORANGE Fibr�,Engagement 36 mois,738.00 
ORANGE,WS-IC-FTTO-O3-30M-ORG-24,Lien FTTO 30 Mb/s O3 ORANGE Fibr�,Engagement 24 mois,738.00 
ORANGE,WS-IC-FTTO-O3-30M-ORG-12,Lien FTTO 30 Mb/s O3 ORANGE Fibr�,Engagement 12 mois,738.00 
ORANGE,WS-IC-FTTO-O3-40M-ORG-36,Lien FTTO 40 Mb/s O3 ORANGE Fibr�,Engagement 36 mois,809.00 
ORANGE,WS-IC-FTTO-O3-40M-ORG-24,Lien FTTO 40 Mb/s O3 ORANGE Fibr�,Engagement 24 mois,809.00 
ORANGE,WS-IC-FTTO-O3-40M-ORG-12,Lien FTTO 40 Mb/s O3 ORANGE Fibr�,Engagement 12 mois,809.00 
ORANGE,WS-IC-FTTO-O3-50M-ORG-36,Lien FTTO 50 Mb/s O3 ORANGE Fibr�,Engagement 36 mois,850.00 
ORANGE,WS-IC-FTTO-O3-50M-ORG-24,Lien FTTO 50 Mb/s O3 ORANGE Fibr�,Engagement 24 mois,850.00 
ORANGE,WS-IC-FTTO-O3-50M-ORG-12,Lien FTTO 50 Mb/s O3 ORANGE Fibr�,Engagement 12 mois,850.00 
ORANGE,WS-IC-FTTO-O3-100M-ORG-36,Lien FTTO 100 Mb/s O3 ORANGE Fibr�,Engagement 36 mois,894.00 
ORANGE,WS-IC-FTTO-O3-100M-ORG-24,Lien FTTO 100 Mb/s O3 ORANGE Fibr�,Engagement 24 mois,894.00 
ORANGE,WS-IC-FTTO-O3-100M-ORG-12,Lien FTTO 100 Mb/s O3 ORANGE Fibr�,Engagement 12 mois,894.00 
ORANGE,WS-IC-FTTO-O3-200M-ORG-36,Lien FTTO 200 Mb/s O3 ORANGE Fibr�,Engagement 36 mois,982.00 
ORANGE,WS-IC-FTTO-O3-200M-ORG-24,Lien FTTO 200 Mb/s O3 ORANGE Fibr�,Engagement 24 mois,982.00 
ORANGE,WS-IC-FTTO-O3-200M-ORG-12,Lien FTTO 200 Mb/s O3 ORANGE Fibr�,Engagement 12 mois,982.00 
ORANGE,WS-IC-FTTO-O3-300M-ORG-36,Lien FTTO 300 Mb/s O3 ORANGE Fibr�,Engagement 36 mois,1004.00 
ORANGE,WS-IC-FTTO-O3-300M-ORG-24,Lien FTTO 300 Mb/s O3 ORANGE Fibr�,Engagement 24 mois,1004.00 
ORANGE,WS-IC-FTTO-O3-300M-ORG-12,Lien FTTO 300 Mb/s O3 ORANGE Fibr�,Engagement 12 mois,1004.00 
ORANGE,WS-IC-FTTO-O3-500M-ORG-36,Lien FTTO 500 Mb/s O3 ORANGE Fibr�,Engagement 36 mois,1144.00 
ORANGE,WS-IC-FTTO-O3-500M-ORG-24,Lien FTTO 500 Mb/s O3 ORANGE Fibr�,Engagement 24 mois,1144.00 
ORANGE,WS-IC-FTTO-O3-500M-ORG-12,Lien FTTO 500 Mb/s O3 ORANGE Fibr�,Engagement 12 mois,1144.00 
ORANGE,WS-IC-FTTO-O3-1G-ORG-36,Lien FTTO 1 Gb/s O3 ORANGE Fibr�,Engagement 36 mois,1284.00 
ORANGE,WS-IC-FTTO-O3-1G-ORG-24,Lien FTTO 1 Gb/s O3 ORANGE Fibr�,Engagement 24 mois,1284.00 
ORANGE,WS-IC-FTTO-O3-1G-ORG-12,Lien FTTO 1 Gb/s O3 ORANGE Fibr�,Engagement 12 mois,1284.00 
ORANGE,WS-IC-FTTO-O2B-2M-ORG-36,Lien FTTO 2 Mb/s O2B ORANGE Fibr�,Engagement 36 mois,330.00 
ORANGE,WS-IC-FTTO-O2B-2M-ORG-24,Lien FTTO 2 Mb/s O2B ORANGE Fibr�,Engagement 24 mois,330.00 
ORANGE,WS-IC-FTTO-O2B-2M-ORG-12,Lien FTTO 2 Mb/s O2B ORANGE Fibr�,Engagement 12 mois,330.00 
ORANGE,WS-IC-FTTO-O2B-2M-NF-ORG-36,Lien FTTO 2 Mb/s O2B ORANGE Non Fibr�,Engagement 36 mois,370.00 
ORANGE,WS-IC-FTTO-O2B-2M-NF-ORG-24,Lien FTTO 2 Mb/s O2B ORANGE Non Fibr�,Engagement 24 mois,370.00 
ORANGE,WS-IC-FTTO-O2B-2M-NF-ORG-12,Lien FTTO 2 Mb/s O2B ORANGE Non Fibr�,Engagement 12 mois,370.00 
ORANGE,WS-IC-FTTO-O2B-4M-ORG-36,Lien FTTO 4 Mb/s O2B ORANGE Fibr�,Engagement 36 mois,407.00 
ORANGE,WS-IC-FTTO-O2B-4M-ORG-24,Lien FTTO 4 Mb/s O2B ORANGE Fibr�,Engagement 24 mois,407.00 
ORANGE,WS-IC-FTTO-O2B-4M-ORG-12,Lien FTTO 4 Mb/s O2B ORANGE Fibr�,Engagement 12 mois,407.00 
ORANGE,WS-IC-FTTO-O2B-4M-NF-ORG-36,Lien FTTO 4 Mb/s O2B ORANGE Non Fibr�,Engagement 36 mois,447.00 
ORANGE,WS-IC-FTTO-O2B-4M-NF-ORG-24,Lien FTTO 4 Mb/s O2B ORANGE Non Fibr�,Engagement 24 mois,447.00 
ORANGE,WS-IC-FTTO-O2B-4M-NF-ORG-12,Lien FTTO 4 Mb/s O2B ORANGE Non Fibr�,Engagement 12 mois,447.00 
ORANGE,WS-IC-FTTO-O3-2M-ORG-36,Lien FTTO 2 Mb/s O3 ORANGE Fibr�,Engagement 36 mois,376.00 
ORANGE,WS-IC-FTTO-O3-2M-ORG-24,Lien FTTO 2 Mb/s O3 ORANGE Fibr�,Engagement 24 mois,376.00 
ORANGE,WS-IC-FTTO-O3-2M-ORG-12,Lien FTTO 2 Mb/s O3 ORANGE Fibr�,Engagement 12 mois,376.00 
ORANGE,WS-IC-FTTO-O3-2M-NF-ORG-36,Lien FTTO 2 Mb/s O3 ORANGE Non Fibr�,Engagement 36 mois,416.00 
ORANGE,WS-IC-FTTO-O3-2M-NF-ORG-24,Lien FTTO 2 Mb/s O3 ORANGE Non Fibr�,Engagement 24 mois,416.00 
ORANGE,WS-IC-FTTO-O3-2M-NF-ORG-12,Lien FTTO 2 Mb/s O3 ORANGE Non Fibr�,Engagement 12 mois,416.00 
ORANGE,WS-IC-FTTO-O3-4M-ORG-36,Lien FTTO 4 Mb/s O3 ORANGE Fibr�,Engagement 36 mois,464.00 
ORANGE,WS-IC-FTTO-O3-4M-ORG-24,Lien FTTO 4 Mb/s O3 ORANGE Fibr�,Engagement 24 mois,464.00 
ORANGE,WS-IC-FTTO-O3-4M-ORG-12,Lien FTTO 4 Mb/s O3 ORANGE Fibr�,Engagement 12 mois,464.00 
ORANGE,WS-IC-FTTO-O3-4M-NF-ORG-36,Lien FTTO 4 Mb/s O3 ORANGE Non Fibr�,Engagement 36 mois,505.00 
ORANGE,WS-IC-FTTO-O3-4M-NF-ORG-24,Lien FTTO 4 Mb/s O3 ORANGE Non Fibr�,Engagement 24 mois,505.00 
ORANGE,WS-IC-FTTO-O3-4M-NF-ORG-12,Lien FTTO 4 Mb/s O3 ORANGE Non Fibr�,Engagement 12 mois,505.00 
ORANGE,WS-IC-FTTO-ZF1-2M-ORG-36,Lien FTTO 2 Mb/s ZF1 ORANGE,Engagement 36 mois,163.00 
ORANGE,WS-IC-FTTO-ZF1-4M-ORG-36,Lien FTTO 4 Mb/s ZF1 ORANGE,Engagement 36 mois,186.00 
ORANGE,WS-IC-FTTO-ZF1-10M-ORG-36,Lien FTTO 10 Mb/s ZF1 ORANGE,Engagement 36 mois,219.00 
ORANGE,WS-IC-FTTO-ZF1-20M-ORG-36,Lien FTTO 20 Mb/s ZF1 ORANGE,Engagement 36 mois,242.00 
ORANGE,WS-IC-FTTO-ZF1-50M-ORG-36,Lien FTTO 50 Mb/s ZF1 ORANGE,Engagement 36 mois,299.00 
ORANGE,WS-IC-FTTO-ZF1-30M-ORG-36,Lien FTTO 30 Mb/s ZF1 ORANGE,Engagement 36 mois,265.00 
ORANGE,WS-IC-FTTO-ZF1-40M-ORG-36,Lien FTTO 40 Mb/s ZF1 ORANGE,Engagement 36 mois,282.00 
ORANGE,WS-IC-FTTO-ZF1-100M-ORG-36,Lien FTTO 100 Mb/s ZF1 ORANGE,Engagement 36 mois,345.00 
ORANGE,WS-IC-FTTO-ZF1-200M-ORG-36,Lien FTTO 200 Mb/s ZF1 ORANGE,Engagement 36 mois,414.00 
ORANGE,WS-IC-FTTO-ZF1-300M-ORG-36,Lien FTTO 300 Mb/s ZF1 ORANGE,Engagement 36 mois,483.00 
ORANGE,WS-IC-FTTO-ZF1-500M-ORG-36,Lien FTTO 500 Mb/s ZF1 ORANGE,Engagement 36 mois,547.00 
ORANGE,WS-IC-FTTO-ZF1-1G-ORG-36,Lien FTTO 1 Gb/s ZF1 ORANGE,Engagement 36 mois,650.00 
ORANGE,WS-IC-FTTO-ZF1-2M-NF-ORG-36,Lien FTTO 2 Mb/s ZF1 ORANGE Non fibr�,Engagement 36 mois,163.00 
ORANGE,WS-IC-FTTO-ZF1-4M-NF-ORG-36,Lien FTTO 4 Mb/s ZF1 ORANGE Non fibr�,Engagement 36 mois,186.00 
ORANGE,WS-IC-FTTO-ZF1-10M-NF-ORG-36,Lien FTTO 10 Mb/s ZF1 ORANGE Non fibr�,Engagement 36 mois,219.00 
ORANGE,WS-IC-FTTO-ZF1-20M-NF-ORG-36,Lien FTTO 20 Mb/s ZF1 ORANGE Non fibr�,Engagement 36 mois,242.00 
ORANGE,WS-IC-FTTO-ZF1-30M-NF-ORG-36,Lien FTTO 30 Mb/s ZF1 ORANGE Non fibr�,Engagement 36 mois,265.00 
ORANGE,WS-IC-FTTO-ZF1-40M-NF-ORG-36,Lien FTTO 40 Mb/s ZF1 ORANGE Non fibr�,Engagement 36 mois,282.00 
ORANGE,WS-IC-FTTO-ZF1-50M-NF-ORG-36,Lien FTTO 50 Mb/s ZF1 ORANGE Non fibr�,Engagement 36 mois,299.00 
ORANGE,WS-IC-FTTO-ZF1-100M-NF-ORG-36,Lien FTTO 100 Mb/s ZF1 ORANGE Non fibr�,Engagement 36 mois,345.00 
ORANGE,WS-IC-FTTO-ZF1-200M-NF-ORG-36,Lien FTTO 200 Mb/s ZF1 ORANGE Non fibr�,Engagement 36 mois,414.00 
ORANGE,WS-IC-FTTO-ZF1-300M-NF-ORG-36,Lien FTTO 300 Mb/s ZF1 ORANGE Non fibr�,Engagement 36 mois,483.00 
ORANGE,WS-IC-FTTO-ZF1-500M-NF-ORG-36,Lien FTTO 500 Mb/s ZF1 ORANGE Non fibr�,Engagement 36 mois,547.00 
ORANGE,WS-IC-FTTO-ZF1-1G-NF-ORG-36,Lien FTTO 1 Gb/s ZF1 ORANGE Non fibr�,Engagement 36 mois,650.00 
,,,,
SFR,WS-IC-FTTO-AC0-10M-SFR-36,Lien FTTO 10 Mb/s SFR,Engagement 36 mois,373.00 
SFR,WS-IC-FTTO-AC0-10M-SFR-24,Lien FTTO 10 Mb/s SFR,Engagement 24 mois,373.00 
SFR,WS-IC-FTTO-AC0-10M-SFR-12,Lien FTTO 10 Mb/s SFR,Engagement 12 mois,373.00 
SFR,WS-IC-FTTO-AC0-20M-SFR-36,Lien FTTO 20 Mb/s SFR,Engagement 36 mois,430.00 
SFR,WS-IC-FTTO-AC0-20M-SFR-24,Lien FTTO 20 Mb/s SFR,Engagement 24 mois,430.00 
SFR,WS-IC-FTTO-AC0-20M-SFR-12,Lien FTTO 20 Mb/s SFR,Engagement 12 mois,430.00 
SFR,WS-IC-FTTO-AC0-30M-SFR-36,Lien FTTO 30 Mb/s SFR,Engagement 36 mois,551.00 
SFR,WS-IC-FTTO-AC0-30M-SFR-24,Lien FTTO 30 Mb/s SFR,Engagement 24 mois,551.00 
SFR,WS-IC-FTTO-AC0-30M-SFR-12,Lien FTTO 30 Mb/s SFR,Engagement 12 mois,551.00 
SFR,WS-IC-FTTO-AC0-40M-SFR-36,Lien FTTO 40 Mb/s SFR,Engagement 36 mois,614.00 
SFR,WS-IC-FTTO-AC0-40M-SFR-24,Lien FTTO 40 Mb/s SFR,Engagement 24 mois,614.00 
SFR,WS-IC-FTTO-AC0-40M-SFR-12,Lien FTTO 40 Mb/s SFR,Engagement 12 mois,614.00 
SFR,WS-IC-FTTO-AC0-50M-SFR-36,Lien FTTO 50 Mb/s SFR,Engagement 36 mois,649.00 
SFR,WS-IC-FTTO-AC0-50M-SFR-24,Lien FTTO 50 Mb/s SFR,Engagement 24 mois,649.00 
SFR,WS-IC-FTTO-AC0-50M-SFR-12,Lien FTTO 50 Mb/s SFR,Engagement 12 mois,649.00 
SFR,WS-IC-FTTO-AC0-100M-SFR-36,Lien FTTO 100 Mb/s SFR,Engagement 36 mois,683.00 
SFR,WS-IC-FTTO-AC0-100M-SFR-24,Lien FTTO 100 Mb/s SFR,Engagement 24 mois,683.00 
SFR,WS-IC-FTTO-AC0-100M-SFR-12,Lien FTTO 100 Mb/s SFR,Engagement 12 mois,683.00 
SFR,WS-IC-FTTO-AC0-200M-SFR-36,Lien FTTO 200 Mb/s SFR,Engagement 36 mois,741.00 
SFR,WS-IC-FTTO-AC0-200M-SFR-24,Lien FTTO 200 Mb/s SFR,Engagement 24 mois,741.00 
SFR,WS-IC-FTTO-AC0-200M-SFR-12,Lien FTTO 200 Mb/s SFR,Engagement 12 mois,741.00 
SFR,WS-IC-FTTO-AC0-500M-SFR-36,Lien FTTO 500 Mb/s SFR,Engagement 36 mois,856.00 
SFR,WS-IC-FTTO-AC0-500M-SFR-24,Lien FTTO 500 Mb/s SFR,Engagement 24 mois,856.00 
SFR,WS-IC-FTTO-AC0-500M-SFR-12,Lien FTTO 500 Mb/s SFR,Engagement 12 mois,856.00 
SFR,WS-IC-FTTO-AC0-1G-SFR-36,Lien FTTO 1 Gb/s SFR,Engagement 36 mois,948.00 
SFR,WS-IC-FTTO-AC0-1G-SFR-24,Lien FTTO 1 Gb/s SFR,Engagement 24 mois,948.00 
SFR,WS-IC-FTTO-AC0-1G-SFR-12,Lien FTTO 1 Gb/s SFR,Engagement 12 mois,948.00 
SFR,WS-IC-FTTO-EAO-10M-SFR-36,Lien FTTO 10 Mb/s SFR,Engagement 36 mois,209.00 
SFR,WS-IC-FTTO-EAO-10M-SFR-24,Lien FTTO 10 Mb/s SFR,Engagement 24 mois,209.00 
SFR,WS-IC-FTTO-EAO-100M-SFR-36,Lien FTTO 100 Mb/s SFR,Engagement 36 mois,318.00 
SFR,WS-IC-FTTO-EAO-1G-SFR-36,Lien FTTO 1 Gb/s SFR,Engagement 36 mois,565.00 
SFR,WS-IC-FTTO-EAO-1G-SFR-24,Lien FTTO 1 Gb/s SFR,Engagement 24 mois,565.00 
SFR,WS-IC-FTTO-EAS-10M-SFR-36,Lien FTTO 10 Mb/s SFR,Engagement 36 mois,174.00 
SFR,WS-IC-FTTO-EAS-10M-SFR-24,Lien FTTO 10 Mb/s SFR,Engagement 24 mois,174.00 
SFR,WS-IC-FTTO-EAS-100M-SFR-36,Lien FTTO 100 Mb/s SFR,Engagement 36 mois,238.00 
SFR,WS-IC-FTTO-EAS-100M-SFR-24,Lien FTTO 100 Mb/s SFR,Engagement 24 mois,238.00 
SFR,WS-IC-FTTO-EAS-1G-SFR-36,Lien FTTO 1 Gb/s SFR,Engagement 36 mois,450.00 
SFR,WS-IC-FTTO-EAS-1G-SFR-24,Lien FTTO 1 Gb/s SFR,Engagement 24 mois,450.00 
SFR,WS-IC-FTTO-ZVS-10M-SFR-36,Lien FTTO 10 Mb/s SFR,Engagement 36 mois,243.00 
SFR,WS-IC-FTTO-ZVS-10M-SFR-24,Lien FTTO 10 Mb/s SFR,Engagement 24 mois,243.00 
SFR,WS-IC-FTTO-ZVS-10M-SFR-12,Lien FTTO 10 Mb/s SFR,Engagement 12 mois,243.00 
SFR,WS-IC-FTTO-ZVS-20M-SFR-36,Lien FTTO 20 Mb/s SFR,Engagement 36 mois,261.00 
SFR,WS-IC-FTTO-ZVS-20M-SFR-24,Lien FTTO 20 Mb/s SFR,Engagement 24 mois,261.00 
SFR,WS-IC-FTTO-ZVS-20M-SFR-12,Lien FTTO 20 Mb/s SFR,Engagement 12 mois,261.00 
SFR,WS-IC-FTTO-ZVS-30M-SFR-36,Lien FTTO 30 Mb/s SFR,Engagement 36 mois,278.00 
SFR,WS-IC-FTTO-ZVS-30M-SFR-24,Lien FTTO 30 Mb/s SFR,Engagement 24 mois,278.00 
SFR,WS-IC-FTTO-ZVS-30M-SFR-12,Lien FTTO 30 Mb/s SFR,Engagement 12 mois,278.00 
SFR,WS-IC-FTTO-ZVS-40M-SFR-36,Lien FTTO 40 Mb/s SFR,Engagement 36 mois,301.00 
SFR,WS-IC-FTTO-ZVS-40M-SFR-24,Lien FTTO 40 Mb/s SFR,Engagement 24 mois,301.00 
SFR,WS-IC-FTTO-ZVS-40M-SFR-12,Lien FTTO 40 Mb/s SFR,Engagement 12 mois,301.00 
SFR,WS-IC-FTTO-ZVS-100M-SFR-36,Lien FTTO 100 Mb/s SFR,Engagement 36 mois,381.00 
SFR,WS-IC-FTTO-ZVS-100M-SFR-24,Lien FTTO 100 Mb/s SFR,Engagement 24 mois,381.00 
SFR,WS-IC-FTTO-ZVS-100M-SFR-12,Lien FTTO 100 Mb/s SFR,Engagement 12 mois,381.00 
SFR,WS-IC-FTTO-ZVS-200M-SFR-36,Lien FTTO 200 Mb/s SFR,Engagement 36 mois,439.00 
SFR,WS-IC-FTTO-ZVS-200M-SFR-24,Lien FTTO 200 Mb/s SFR,Engagement 24 mois,439.00 
SFR,WS-IC-FTTO-ZVS-200M-SFR-12,Lien FTTO 200 Mb/s SFR,Engagement 12 mois,439.00 
SFR,WS-IC-FTTO-ZVS-300M-SFR-36,Lien FTTO 300 Mb/s SFR,Engagement 36 mois,508.00 
SFR,WS-IC-FTTO-ZVS-300M-SFR-24,Lien FTTO 300 Mb/s SFR,Engagement 24 mois,508.00 
SFR,WS-IC-FTTO-ZVS-300M-SFR-12,Lien FTTO 300 Mb/s SFR,Engagement 12 mois,508.00 
SFR,WS-IC-FTTO-ZVS-500M-SFR-36,Lien FTTO 500 Mb/s SFR,Engagement 36 mois,565.00 
SFR,WS-IC-FTTO-ZVS-500M-SFR-24,Lien FTTO 500 Mb/s SFR,Engagement 24 mois,565.00 
SFR,WS-IC-FTTO-ZVS-500M-SFR-12,Lien FTTO 500 Mb/s SFR,Engagement 12 mois,565.00 
SFR,WS-IC-FTTO-ZVS-1G-SFR-36,Lien FTTO 1 Gb/s SFR,Engagement 36 mois,703.00 
SFR,WS-IC-FTTO-ZVS-1G-SFR-24,Lien FTTO 1 Gb/s SFR,Engagement 24 mois,703.00 
SFR,WS-IC-FTTO-ZVS-1G-SFR-12,Lien FTTO 1 Gb/s SFR,Engagement 12 mois,703.00 
SFR,WS-IC-FTTO-ZVS-50M-SFR-36,Lien FTTO 50 Mb/s SFR,Engagement 36 mois,312.00 
SFR,WS-IC-FTTO-ZVS-50M-SFR-24,Lien FTTO 50 Mb/s SFR,Engagement 24 mois,312.00 
SFR,WS-IC-FTTO-ZVS-50M-SFR-12,Lien FTTO 50 Mb/s SFR,Engagement 12 mois,312.00 
SFR,WS-IC-FTTO-EAO-100M-SFR-24,Lien FTTO 100 Mb/s SFR,Engagement 24 mois,318.00 
,,,,
BOUYGUES TELECOM,WS-IC-FTTO-50M-BOT-36,Lien FTTO 50 Mb/s Bouygues Telecom,Engagement 36 mois,212.00 
BOUYGUES TELECOM,WS-IC-FTTO-100M-BOT-36,Lien FTTO 100 Mb/s Bouygues Telecom,Engagement 36 mois,258.00 
BOUYGUES TELECOM,WS-IC-FTTO-200M-BOT-36,Lien FTTO 200 Mb/s Bouygues Telecom,Engagement 36 mois,315.00 
BOUYGUES TELECOM,WS-IC-FTTO-300M-BOT-36,Lien FTTO 300 Mb/s Bouygues Telecom,Engagement 36 mois,384.00 
BOUYGUES TELECOM,WS-IC-FTTO-500M-BOT-36,Lien FTTO 500 Mb/s Bouygues Telecom,Engagement 36 mois,413.00 
BOUYGUES TELECOM,WS-IC-FTTO-1G-BOT-36,Lien FTTO 1 Gb/s Bouygues Telecom,Engagement 36 mois,426.00 
BOUYGUES TELECOM,WS-IC-FTTO-20M-BOT-36,Lien FTTO 20 Mb/s Bouygues Telecom,Engagement 36 mois,195.00 
BOUYGUES TELECOM,WS-IC-FTTO-20M-BOT-24,Lien FTTO 20 Mb/s Bouygues Telecom,Engagement 24 mois,195.00 
BOUYGUES TELECOM,WS-IC-FTTO-50M-BOT-24,Lien FTTO 50 Mb/s Bouygues Telecom,Engagement 24 mois,212.00 
BOUYGUES TELECOM,WS-IC-FTTO-100M-BOT-24,Lien FTTO 100 Mb/s Bouygues Telecom,Engagement 24 mois,258.00 
BOUYGUES TELECOM,WS-IC-FTTO-200M-BOT-24,Lien FTTO 200 Mb/s Bouygues Telecom,Engagement 24 mois,315.00 
BOUYGUES TELECOM,WS-IC-FTTO-300M-BOT-24,Lien FTTO 300 Mb/s Bouygues Telecom,Engagement 24 mois,384.00 
BOUYGUES TELECOM,WS-IC-FTTO-500M-BOT-24,Lien FTTO 500 Mb/s Bouygues Telecom,Engagement 24 mois,413.00 
BOUYGUES TELECOM,WS-IC-FTTO-1G-BOT-24,Lien FTTO 1 Gb/s Bouygues Telecom,Engagement 24 mois,426.00 
BOUYGUES TELECOM,WS-IC-FTTO-20M-BOT-12,Lien FTTO 20 Mb/s Bouygues Telecom,Engagement 12 mois,195.00 
BOUYGUES TELECOM,WS-IC-FTTO-50M-BOT-12,Lien FTTO 50 Mb/s Bouygues Telecom,Engagement 12 mois,212.00 
BOUYGUES TELECOM,WS-IC-FTTO-100M-BOT-12,Lien FTTO 100 Mb/s Bouygues Telecom,Engagement 12 mois,258.00 
BOUYGUES TELECOM,WS-IC-FTTO-200M-BOT-12,Lien FTTO 200 Mb/s Bouygues Telecom,Engagement 12 mois,315.00 
BOUYGUES TELECOM,WS-IC-FTTO-300M-BOT-12,Lien FTTO 300 Mb/s Bouygues Telecom,Engagement 12 mois,384.00 
BOUYGUES TELECOM,WS-IC-FTTO-500M-BOT-12,Lien FTTO 500 Mb/s Bouygues Telecom,Engagement 12 mois,413.00 
BOUYGUES TELECOM,WS-IC-FTTO-1G-BOT-12,Lien FTTO 1 Gb/s Bouygues Telecom,Engagement 12 mois,426.00 
BOUYGUES TELECOM,WS-IC-FTTO-10M-BOT-36,Lien FTTO 10 Mb/s Bouygues Telecom,Engagement 36 mois,183.00 
BOUYGUES TELECOM,WS-IC-FTTO-10M-BOT-24,Lien FTTO 10 Mb/s Bouygues Telecom,Engagement 24 mois,183.00 
BOUYGUES TELECOM,WS-IC-FTTO-10M-BOT-12,Lien FTTO 10 Mb/s Bouygues Telecom,Engagement 12 mois,183.00 
,,,,
EURAFIBRE,WS-IC-FTTO-Z1-10M-EFB-36,Lien FTTO 10 Mb/s Zone 1 EURAFIBRE,Engagement 36 mois,246.00 
EURAFIBRE,WS-IC-FTTO-Z1-10M-EFB-24,Lien FTTO 10 Mb/s Zone 1 EURAFIBRE,Engagement 24 mois,246.00 
EURAFIBRE,WS-IC-FTTO-Z1-10M-EFB-12,Lien FTTO 10 Mb/s Zone 1 EURAFIBRE,Engagement 12 mois,246.00 
EURAFIBRE,WS-IC-FTTO-Z1-20M-EFB-36,Lien FTTO 20 Mb/s Zone 1 EURAFIBRE,Engagement 36 mois,246.00 
EURAFIBRE,WS-IC-FTTO-Z1-20M-EFB-24,Lien FTTO 20 Mb/s Zone 1 EURAFIBRE,Engagement 24 mois,246.00 
EURAFIBRE,WS-IC-FTTO-Z1-20M-EFB-12,Lien FTTO 20 Mb/s Zone 1 EURAFIBRE,Engagement 12 mois,246.00 
EURAFIBRE,WS-IC-FTTO-Z1-50M-EFB-36,Lien FTTO 50 Mb/s Zone 1 EURAFIBRE,Engagement 36 mois,275.00 
EURAFIBRE,WS-IC-FTTO-Z1-50M-EFB-24,Lien FTTO 50 Mb/s Zone 1 EURAFIBRE,Engagement 24 mois,275.00 
EURAFIBRE,WS-IC-FTTO-Z1-50M-EFB-12,Lien FTTO 50 Mb/s Zone 1 EURAFIBRE,Engagement 12 mois,275.00 
EURAFIBRE,WS-IC-FTTO-Z1-100M-EFB-36,Lien FTTO 100 Mb/s Zone 1 EURAFIBRE,Engagement 36 mois,304.00 
EURAFIBRE,WS-IC-FTTO-Z1-100M-EFB-24,Lien FTTO 100 Mb/s Zone 1 EURAFIBRE,Engagement 24 mois,304.00 
EURAFIBRE,WS-IC-FTTO-Z1-100M-EFB-12,Lien FTTO 100 Mb/s Zone 1 EURAFIBRE,Engagement 12 mois,304.00 
EURAFIBRE,WS-IC-FTTO-Z1-200M-EFB-36,Lien FTTO 200 Mb/s Zone 1 EURAFIBRE,Engagement 36 mois,361.00 
EURAFIBRE,WS-IC-FTTO-Z1-200M-EFB-24,Lien FTTO 200 Mb/s Zone 1 EURAFIBRE,Engagement 24 mois,361.00 
EURAFIBRE,WS-IC-FTTO-Z1-200M-EFB-12,Lien FTTO 200 Mb/s Zone 1 EURAFIBRE,Engagement 12 mois,361.00 
EURAFIBRE,WS-IC-FTTO-Z1-500M-EFB-36,Lien FTTO 500 Mb/s Zone 1 EURAFIBRE,Engagement 36 mois,419.00 
EURAFIBRE,WS-IC-FTTO-Z1-500M-EFB-24,Lien FTTO 500 Mb/s Zone 1 EURAFIBRE,Engagement 24 mois,419.00 
EURAFIBRE,WS-IC-FTTO-Z1-500M-EFB-12,Lien FTTO 500 Mb/s Zone 1 EURAFIBRE,Engagement 12 mois,419.00 
EURAFIBRE,WS-IC-FTTO-Z1-1G-EFB-36,Lien FTTO 1 Gb/s Zone 1 EURAFIBRE,Engagement 36 mois,419.00 
EURAFIBRE,WS-IC-FTTO-Z1-1G-EFB-24,Lien FTTO 1 Gb/s Zone 1 EURAFIBRE,Engagement 24 mois,419.00 
EURAFIBRE,WS-IC-FTTO-Z1-1G-EFB-12,Lien FTTO 1 Gb/s Zone 1 EURAFIBRE,Engagement 12 mois,419.00 
EURAFIBRE,WS-IC-FTTO-Z1-2G-EFB-36,Lien FTTO 2 Gb/s Zone 1 EURAFIBRE,Engagement 36 mois,591.00 
EURAFIBRE,WS-IC-FTTO-Z1-2G-EFB-24,Lien FTTO 2 Gb/s Zone 1 EURAFIBRE,Engagement 24 mois,591.00 
EURAFIBRE,WS-IC-FTTO-Z1-2G-EFB-12,Lien FTTO 2 Gb/s Zone 1 EURAFIBRE,Engagement 12 mois,591.00 
EURAFIBRE,WS-IC-FTTO-Z1-3G-EFB-36,Lien FTTO 3 Gb/s Zone 1 EURAFIBRE,Engagement 36 mois,706.00 
EURAFIBRE,WS-IC-FTTO-Z1-3G-EFB-24,Lien FTTO 3 Gb/s Zone 1 EURAFIBRE,Engagement 24 mois,706.00 
EURAFIBRE,WS-IC-FTTO-Z1-3G-EFB-12,Lien FTTO 3 Gb/s Zone 1 EURAFIBRE,Engagement 12 mois,706.00 
EURAFIBRE,WS-IC-FTTO-Z1-4G-EFB-36,Lien FTTO 4 Gb/s Zone 1 EURAFIBRE,Engagement 36 mois,821.00 
EURAFIBRE,WS-IC-FTTO-Z1-4G-EFB-24,Lien FTTO 4 Gb/s Zone 1 EURAFIBRE,Engagement 24 mois,821.00 
EURAFIBRE,WS-IC-FTTO-Z1-4G-EFB-12,Lien FTTO 4 Gb/s Zone 1 EURAFIBRE,Engagement 12 mois,821.00 
EURAFIBRE,WS-IC-FTTO-Z1-5G-EFB-36,Lien FTTO 5 Gb/s Zone 1 EURAFIBRE,Engagement 36 mois,936.00 
EURAFIBRE,WS-IC-FTTO-Z1-5G-EFB-24,Lien FTTO 5 Gb/s Zone 1 EURAFIBRE,Engagement 24 mois,936.00 
EURAFIBRE,WS-IC-FTTO-Z1-5G-EFB-12,Lien FTTO 5 Gb/s Zone 1 EURAFIBRE,Engagement 12 mois,936.00 
EURAFIBRE,WS-IC-FTTO-Z1-10G-EFB-36,Lien FTTO 10 Gb/s Zone 1 EURAFIBRE,Engagement 36 mois,1166.00 
EURAFIBRE,WS-IC-FTTO-Z1-10G-EFB-24,Lien FTTO 10 Gb/s Zone 1 EURAFIBRE,Engagement 24 mois,1166.00 
EURAFIBRE,WS-IC-FTTO-Z1-10G-EFB-12,Lien FTTO 10 Gb/s Zone 1 EURAFIBRE,Engagement 12 mois,1166.00 
EURAFIBRE,WS-IC-FTTO-ZEUR-10M-EFB-36,Lien FTTO 10 Mb/s Zone Eura EURAFIBRE,Engagement 36 mois,189.00 
EURAFIBRE,WS-IC-FTTO-ZEUR-10M-EFB-24,Lien FTTO 10 Mb/s Zone Eura EURAFIBRE,Engagement 24 mois,189.00 
EURAFIBRE,WS-IC-FTTO-ZEUR-10M-EFB-12,Lien FTTO 10 Mb/s Zone Eura EURAFIBRE,Engagement 12 mois,189.00 
EURAFIBRE,WS-IC-FTTO-ZEUR-50M-EFB-36,Lien FTTO 50 Mb/s Zone Eura EURAFIBRE,Engagement 36 mois,218.00 
EURAFIBRE,WS-IC-FTTO-ZEUR-50M-EFB-24,Lien FTTO 50 Mb/s Zone Eura EURAFIBRE,Engagement 24 mois,218.00 
EURAFIBRE,WS-IC-FTTO-ZEUR-50M-EFB-12,Lien FTTO 50 Mb/s Zone Eura EURAFIBRE,Engagement 12 mois,218.00 
EURAFIBRE,WS-IC-FTTO-ZEUR-100M-EFB-36,Lien FTTO 100 Mb/s Zone Eura EURAFIBRE,Engagement 36 mois,246.00 
EURAFIBRE,WS-IC-FTTO-ZEUR-100M-EFB-24,Lien FTTO 100 Mb/s Zone Eura EURAFIBRE,Engagement 24 mois,246.00 
EURAFIBRE,WS-IC-FTTO-ZEUR-100M-EFB-12,Lien FTTO 100 Mb/s Zone Eura EURAFIBRE,Engagement 12 mois,246.00 
EURAFIBRE,WS-IC-FTTO-ZEUR-200M-EFB-36,Lien FTTO 200 Mb/s Zone Eura EURAFIBRE,Engagement 36 mois,304.00 
EURAFIBRE,WS-IC-FTTO-ZEUR-200M-EFB-24,Lien FTTO 200 Mb/s Zone Eura EURAFIBRE,Engagement 24 mois,304.00 
EURAFIBRE,WS-IC-FTTO-ZEUR-200M-EFB-12,Lien FTTO 200 Mb/s Zone Eura EURAFIBRE,Engagement 12 mois,304.00 
EURAFIBRE,WS-IC-FTTO-ZEUR-500M-EFB-36,Lien FTTO 500 Mb/s Zone Eura EURAFIBRE,Engagement 36 mois,333.00 
EURAFIBRE,WS-IC-FTTO-ZEUR-500M-EFB-24,Lien FTTO 500 Mb/s Zone Eura EURAFIBRE,Engagement 24 mois,333.00 
EURAFIBRE,WS-IC-FTTO-ZEUR-500M-EFB-12,Lien FTTO 500 Mb/s Zone Eura EURAFIBRE,Engagement 12 mois,333.00 
EURAFIBRE,WS-IC-FTTO-ZEUR-1G-EFB-36,Lien FTTO 1 Gb/s Zone Eura EURAFIBRE,Engagement 36 mois,419.00 
EURAFIBRE,WS-IC-FTTO-ZEUR-1G-EFB-24,Lien FTTO 1 Gb/s Zone Eura EURAFIBRE,Engagement 24 mois,419.00 
EURAFIBRE,WS-IC-FTTO-ZEUR-1G-EFB-12,Lien FTTO 1 Gb/s Zone Eura EURAFIBRE,Engagement 12 mois,419.00 
EURAFIBRE,WS-IC-FTTO-ZEUR-2G-EFB-36,Lien FTTO 2 Gb/s Zone Eura EURAFIBRE,Engagement 36 mois,591.00 
EURAFIBRE,WS-IC-FTTO-ZEUR-2G-EFB-24,Lien FTTO 2 Gb/s Zone Eura EURAFIBRE,Engagement 24 mois,591.00 
EURAFIBRE,WS-IC-FTTO-ZEUR-2G-EFB-12,Lien FTTO 2 Gb/s Zone Eura EURAFIBRE,Engagement 12 mois,591.00 
EURAFIBRE,WS-IC-FTTO-ZEUR-3G-EFB-36,Lien FTTO 3 Gb/s Zone Eura EURAFIBRE,Engagement 36 mois,706.00 
EURAFIBRE,WS-IC-FTTO-ZEUR-3G-EFB-24,Lien FTTO 3 Gb/s Zone Eura EURAFIBRE,Engagement 24 mois,706.00 
EURAFIBRE,WS-IC-FTTO-ZEUR-3G-EFB-12,Lien FTTO 3 Gb/s Zone Eura EURAFIBRE,Engagement 12 mois,706.00 
EURAFIBRE,WS-IC-FTTO-ZEUR-4G-EFB-36,Lien FTTO 4 Gb/s Zone Eura EURAFIBRE,Engagement 36 mois,821.00 
EURAFIBRE,WS-IC-FTTO-ZEUR-4G-EFB-24,Lien FTTO 4 Gb/s Zone Eura EURAFIBRE,Engagement 24 mois,821.00 
EURAFIBRE,WS-IC-FTTO-ZEUR-4G-EFB-12,Lien FTTO 4 Gb/s Zone Eura EURAFIBRE,Engagement 12 mois,821.00 
EURAFIBRE,WS-IC-FTTO-ZEUR-5G-EFB-36,Lien FTTO 5 Gb/s Zone Eura EURAFIBRE,Engagement 36 mois,936.00 
EURAFIBRE,WS-IC-FTTO-ZEUR-5G-EFB-24,Lien FTTO 5 Gb/s Zone Eura EURAFIBRE,Engagement 24 mois,936.00 
EURAFIBRE,WS-IC-FTTO-ZEUR-5G-EFB-12,Lien FTTO 5 Gb/s Zone Eura EURAFIBRE,Engagement 12 mois,936.00 
EURAFIBRE,WS-IC-FTTO-ZEUR-10G-EFB-36,Lien FTTO 10 Gb/s Zone Eura EURAFIBRE,Engagement 36 mois,1166.00 
EURAFIBRE,WS-IC-FTTO-ZEUR-10G-EFB-24,Lien FTTO 10 Gb/s Zone Eura EURAFIBRE,Engagement 24 mois,1166.00 
EURAFIBRE,WS-IC-FTTO-ZEUR-10G-EFB-12,Lien FTTO 10 Gb/s Zone Eura EURAFIBRE,Engagement 12 mois,1166.00 
EURAFIBRE,WS-IC-FTTO-ZEUR-20M-EFB-36,Lien FTTO 20 Mb/s Zone Eura EURAFIBRE,Engagement 36 mois,189.00 
EURAFIBRE,WS-IC-FTTO-ZEUR-20M-EFB-24,Lien FTTO 20 Mb/s Zone Eura EURAFIBRE,Engagement 24 mois,189.00 
EURAFIBRE,WS-IC-FTTO-ZEUR-20M-EFB-12,Lien FTTO 20 Mb/s Zone Eura EURAFIBRE,Engagement 12 mois,189.00 
,,,,
AXIONE,WS-IC-FTTO-ZF0-10M-AXN-36,Lien FTTO 10 Mb/s ZF0 Axione,Engagement 36 mois,189.00 
AXIONE,WS-IC-FTTO-ZF0-10M-AXN-12,Lien FTTO 10 Mb/s ZF0 Axione,Engagement 12 mois,212.00 
AXIONE,WS-IC-FTTO-ZF0-10+M-AXN-36,Lien FTTO 10 Mb/s + option plus 1 Gb/s ZF0 Axione,Engagement 36 mois,223.00 
AXIONE,WS-IC-FTTO-ZF0-10+M-AXN-12,Lien FTTO 10 Mb/s + option plus 1 Gb/s ZF0 Axione,Engagement 12 mois,246.00 
AXIONE,WS-IC-FTTO-ZF0-100M-AXN-36,Lien FTTO 100 Mb/s ZF0 Axione,Engagement 36 mois,338.00 
AXIONE,WS-IC-FTTO-ZF0-100M-AXN-12,Lien FTTO 100 Mb/s ZF0 Axione,Engagement 12 mois,384.00 
AXIONE,WS-IC-FTTO-ZF0-100+M-AXN-36,Lien FTTO 100 Mb/s + option plus 1 Gb/s ZF0 Axione,Engagement 36 mois,373.00 
AXIONE,WS-IC-FTTO-ZF0-100+M-AXN-12,Lien FTTO 100 Mb/s + option plus 1 Gb/s ZF0 Axione,Engagement 12 mois,419.00 
AXIONE,WS-IC-FTTO-ZF0-300M-AXN-36,Lien FTTO 300 Mb/s ZF0 Axione,Engagement 36 mois,476.00 
AXIONE,WS-IC-FTTO-ZF0-300M-AXN-12,Lien FTTO 300 Mb/s ZF0 Axione,Engagement 12 mois,545.00 
AXIONE,WS-IC-FTTO-ZF0-300+M-AXN-36,Lien FTTO 300 Mb/s + option plus 1 Gb/s ZF0 Axione,Engagement 36 mois,511.00 
AXIONE,WS-IC-FTTO-ZF0-300+M-AXN-12,Lien FTTO 300 Mb/s + option plus 1 Gb/s ZF0 Axione,Engagement 12 mois,580.00 
AXIONE,WS-IC-FTTO-ZF0-1G-AXN-36,Lien FTTO 1 Gb/s ZF0 Axione,Engagement 36 mois,649.00 
AXIONE,WS-IC-FTTO-ZF0-1G-AXN-12,Lien FTTO 1 Gb/s ZF0 Axione,Engagement 12 mois,764.00 
AXIONE,WS-IC-FTTO-ZVI-1G-AXN-36,Lien FTTO 1 Gb/s ZVI Axione,Engagement 36 mois,580.00 
AXIONE,WS-IC-FTTO-ZVI-1G-AXN-12,Lien FTTO 1 Gb/s ZVI Axione,Engagement 12 mois,695.00 
AXIONE,WS-IC-FTTO-ZVI-10+M-AXN-36,Lien FTTO 10 Mb/s + option plus 1 Gb/s ZVI Axione,Engagement 36 mois,154.00 
AXIONE,WS-IC-FTTO-ZVI-10+M-AXN-12,Lien FTTO 10 Mb/s + option plus 1 Gb/s ZVI Axione,Engagement 12 mois,177.00 
AXIONE,WS-IC-FTTO-ZVI-100+M-AXN-36,Lien FTTO 100 Mb/s + option plus 1 Gb/s ZVI Axione,Engagement 36 mois,292.00 
AXIONE,WS-IC-FTTO-ZVI-100+M-AXN-12,Lien FTTO 100 Mb/s + option plus 1 Gb/s ZVI Axione,Engagement 12 mois,386.00 
AXIONE,WS-IC-FTTO-ZVI-300+M-AXN-36,Lien FTTO 300 Mb/s + option plus 1 Gb/s ZVI Axione,Engagement 36 mois,430.00 
AXIONE,WS-IC-FTTO-ZVI-300+M-AXN-12,Lien FTTO 300 Mb/s + option plus 1 Gb/s ZVI Axione,Engagement 12 mois,499.00 
,,,,
COVAGE,WS-IC-FTTO-MIN-10M-CVG-36,Lien FTTO 10 Mb/s MIN THD Covage,Engagement 36 mois,322.00 
COVAGE,WS-IC-FTTO-MIN-10M-CVG-24,Lien FTTO 10 Mb/s MIN THD Covage,Engagement 24 mois,357.00 
COVAGE,WS-IC-FTTO-MIN-10M-CVG-12,Lien FTTO 10 Mb/s MIN THD Covage,Engagement 12 mois,391.00 
COVAGE,WS-IC-FTTO-MIN-20M-CVG-36,Lien FTTO 20 Mb/s MIN THD Covage,Engagement 36 mois,374.00 
COVAGE,WS-IC-FTTO-MIN-20M-CVG-24,Lien FTTO 20 Mb/s MIN THD Covage,Engagement 24 mois,414.00 
COVAGE,WS-IC-FTTO-MIN-20M-CVG-12,Lien FTTO 20 Mb/s MIN THD Covage,Engagement 12 mois,455.00 
COVAGE,WS-IC-FTTO-MIN-40M-CVG-36,Lien FTTO 40 Mb/s MIN THD Covage,Engagement 36 mois,426.00 
COVAGE,WS-IC-FTTO-MIN-40M-CVG-24,Lien FTTO 40 Mb/s MIN THD Covage,Engagement 24 mois,472.00 
COVAGE,WS-IC-FTTO-MIN-40M-CVG-12,Lien FTTO 40 Mb/s MIN THD Covage,Engagement 12 mois,518.00 
COVAGE,WS-IC-FTTO-MIN-100M-CVG-36,Lien FTTO 100 Mb/s MIN THD Covage,Engagement 36 mois,478.00 
COVAGE,WS-IC-FTTO-MIN-100M-CVG-24,Lien FTTO 100 Mb/s MIN THD Covage,Engagement 24 mois,529.00 
COVAGE,WS-IC-FTTO-MIN-100M-CVG-12,Lien FTTO 100 Mb/s MIN THD Covage,Engagement 12 mois,581.00 
COVAGE,WS-IC-FTTO-MIN-200M-CVG-36,Lien FTTO 200 Mb/s MIN THD Covage,Engagement 36 mois,581.00 
COVAGE,WS-IC-FTTO-MIN-200M-CVG-24,Lien FTTO 200 Mb/s MIN THD Covage,Engagement 24 mois,644.00 
COVAGE,WS-IC-FTTO-MIN-200M-CVG-12,Lien FTTO 200 Mb/s MIN THD Covage,Engagement 12 mois,708.00 
COVAGE,WS-IC-FTTO-MIN-500M-CVG-36,Lien FTTO 500 Mb/s MIN THD Covage,Engagement 36 mois,736.00 
COVAGE,WS-IC-FTTO-MIN-500M-CVG-24,Lien FTTO 500 Mb/s MIN THD Covage,Engagement 24 mois,817.00 
COVAGE,WS-IC-FTTO-MIN-500M-CVG-12,Lien FTTO 500 Mb/s MIN THD Covage,Engagement 12 mois,897.00 
COVAGE,WS-IC-FTTO-MIN-1G-CVG-36,Lien FTTO 1 Gb/s MIN THD Covage,Engagement 36 mois,840.00 
COVAGE,WS-IC-FTTO-MIN-1G-CVG-24,Lien FTTO 1 Gb/s MIN THD Covage,Engagement 24 mois,932.00 
COVAGE,WS-IC-FTTO-MIN-1G-CVG-12,Lien FTTO 1 Gb/s MIN THD Covage,Engagement 12 mois,1024.00 
COVAGE,WS-IC-FTTO-ZA-4M-CVG-36,Lien FTTO 4 Mb/s ZA THD Covage,Engagement 36 mois,104.00 
COVAGE,WS-IC-FTTO-ZA-4M-CVG-24,Lien FTTO 4 Mb/s ZA THD Covage,Engagement 24 mois,113.00 
COVAGE,WS-IC-FTTO-ZA-4M-CVG-12,Lien FTTO 4 Mb/s ZA THD Covage,Engagement 12 mois,124.00 
COVAGE,WS-IC-FTTO-ZA-10M-CVG-36,Lien FTTO 10 Mb/s ZA THD Covage,Engagement 36 mois,219.00 
COVAGE,WS-IC-FTTO-ZA-10M-CVG-24,Lien FTTO 10 Mb/s ZA THD Covage,Engagement 24 mois,240.00 
COVAGE,WS-IC-FTTO-ZA-10M-CVG-12,Lien FTTO 10 Mb/s ZA THD Covage,Engagement 12 mois,263.00 
COVAGE,WS-IC-FTTO-ZA-20M-CVG-36,Lien FTTO 20 Mb/s ZA THD Covage,Engagement 36 mois,242.00 
COVAGE,WS-IC-FTTO-ZA-20M-CVG-24,Lien FTTO 20 Mb/s ZA THD Covage,Engagement 24 mois,265.00 
COVAGE,WS-IC-FTTO-ZA-20M-CVG-12,Lien FTTO 20 Mb/s ZA THD Covage,Engagement 12 mois,290.00 
COVAGE,WS-IC-FTTO-ZA-40M-CVG-36,Lien FTTO 40 Mb/s ZA THD Covage,Engagement 36 mois,334.00 
COVAGE,WS-IC-FTTO-ZA-40M-CVG-24,Lien FTTO 40 Mb/s ZA THD Covage,Engagement 24 mois,366.00 
COVAGE,WS-IC-FTTO-ZA-40M-CVG-12,Lien FTTO 40 Mb/s ZA THD Covage,Engagement 12 mois,402.00 
COVAGE,WS-IC-FTTO-ZA-100M-CVG-36,Lien FTTO 100 Mb/s ZA THD Covage,Engagement 36 mois,334.00 
COVAGE,WS-IC-FTTO-ZA-100M-CVG-24,Lien FTTO 100 Mb/s ZA THD Covage,Engagement 24 mois,366.00 
COVAGE,WS-IC-FTTO-ZA-100M-CVG-12,Lien FTTO 100 Mb/s ZA THD Covage,Engagement 12 mois,402.00 
COVAGE,WS-IC-FTTO-ZA-200M-CVG-36,Lien FTTO 200 Mb/s ZA THD Covage,Engagement 36 mois,380.00 
COVAGE,WS-IC-FTTO-ZA-200M-CVG-24,Lien FTTO 200 Mb/s ZA THD Covage,Engagement 24 mois,417.00 
COVAGE,WS-IC-FTTO-ZA-200M-CVG-12,Lien FTTO 200 Mb/s ZA THD Covage,Engagement 12 mois,457.00 
COVAGE,WS-IC-FTTO-ZA-500M-CVG-36,Lien FTTO 500 Mb/s ZA THD Covage,Engagement 36 mois,472.00 
COVAGE,WS-IC-FTTO-ZA-500M-CVG-24,Lien FTTO 500 Mb/s ZA THD Covage,Engagement 24 mois,518.00 
COVAGE,WS-IC-FTTO-ZA-500M-CVG-12,Lien FTTO 500 Mb/s ZA THD Covage,Engagement 12 mois,569.00 
COVAGE,WS-IC-FTTO-ZA-1G-CVG-36,Lien FTTO 1 Gb/s ZA THD Covage,Engagement 36 mois,575.00 
COVAGE,WS-IC-FTTO-ZA-1G-CVG-24,Lien FTTO 1 Gb/s ZA THD Covage,Engagement 24 mois,632.00 
COVAGE,WS-IC-FTTO-ZA-1G-CVG-12,Lien FTTO 1 Gb/s ZA THD Covage,Engagement 12 mois,693.00 
COVAGE,WS-IC-FTTO-ZTD-4M-CVG-36,Lien FTTO 4Mb/s ZTD Covage,Engagement 36 mois,95.00 
COVAGE,WS-IC-FTTO-ZTD-4M-CVG-24,Lien FTTO 4Mb/s ZTD Covage,Engagement 24 mois,95.00 
COVAGE,WS-IC-FTTO-ZTD-4M-CVG-12,Lien FTTO 4Mb/s ZTD Covage,Engagement 12 mois,95.00 
COVAGE,WS-IC-FTTO-ZTD-10M-CVG-36,Lien FTTO 10Mb/s ZTD Covage,Engagement 36 mois,127.00 
COVAGE,WS-IC-FTTO-ZTD-10M-CVG-24,Lien FTTO 10Mb/s ZTD Covage,Engagement 24 mois,127.00 
COVAGE,WS-IC-FTTO-ZTD-10M-CVG-12,Lien FTTO 10Mb/s ZTD Covage,Engagement 12 mois,127.00 
COVAGE,WS-IC-FTTO-ZTD-100M-CVG-36,Lien FTTO 100Mb/s ZTD Covage,Engagement 36 mois,253.00 
COVAGE,WS-IC-FTTO-ZTD-100M-CVG-24,Lien FTTO 100Mb/s ZTD Covage,Engagement 24 mois,253.00 
COVAGE,WS-IC-FTTO-ZTD-100M-CVG-12,Lien FTTO 100Mb/s ZTD Covage,Engagement 12 mois,253.00 
COVAGE,WS-IC-FTTO-ZTD-200M-CVG-36,Lien FTTO 200Mb/s ZTD Covage,Engagement 36 mois,299.00 
COVAGE,WS-IC-FTTO-ZTD-200M-CVG-24,Lien FTTO 200Mb/s ZTD Covage,Engagement 24 mois,299.00 
COVAGE,WS-IC-FTTO-ZTD-200M-CVG-12,Lien FTTO 200Mb/s ZTD Covage,Engagement 12 mois,299.00 
COVAGE,WS-IC-FTTO-ZTD-500M-CVG-36,Lien FTTO 500Mb/s ZTD Covage,Engagement 36 mois,334.00 
COVAGE,WS-IC-FTTO-ZTD-500M-CVG-24,Lien FTTO 500Mb/s ZTD Covage,Engagement 24 mois,334.00 
COVAGE,WS-IC-FTTO-ZTD-500M-CVG-12,Lien FTTO 500Mb/s ZTD Covage,Engagement 12 mois,334.00 
COVAGE,WS-IC-FTTO-ZTD-1G-CVG-36,Lien FTTO 1Gb/s ZTD Covage,Engagement 36 mois,357.00 
COVAGE,WS-IC-FTTO-ZTD-1G-CVG-24,Lien FTTO 4Mb/s ZTD Covage,Engagement 24 mois,357.00 
COVAGE,WS-IC-FTTO-ZTD-1G-CVG-12,Lien FTTO 1Gb/s ZTD Covage,Engagement 12 mois,357.00 
COVAGE,WS-IC-FTTO-ZPD1-10M-CVG-12,Lien FTTO 10 Mb/s ZPD1 Covage,Engagement 12 mois,206.00 
COVAGE,WS-IC-FTTO-ZPD1-30M-CVG-12,Lien FTTO 30 Mb/s ZPD1 Covage,Engagement 12 mois,263.00 
COVAGE,WS-IC-FTTO-ZPD1-50M-CVG-12,Lien FTTO 50 Mb/s ZPD1 Covage,Engagement 12 mois,321.00 
COVAGE,WS-IC-FTTO-ZPD1-100M-CVG-12,Lien FTTO 100 Mb/s ZPD1 Covage,Engagement 12 mois,413.00 
COVAGE,WS-IC-FTTO-ZPD1-200M-CVG-12,Lien FTTO 200 Mb/s ZPD1 Covage,Engagement 12 mois,585.00 
COVAGE,WS-IC-FTTO-ZPD1-500M-CVG-12,Lien FTTO 500 Mb/s ZPD1 Covage,Engagement 12 mois,585.00 
COVAGE,WS-IC-FTTO-ZPD1-1G-CVG-12,Lien FTTO 1 Gb/s ZPD1 Covage,Engagement 12 mois,758.00 
COVAGE,WS-IC-FTTO-ZPD1-10M-CVG-36,Lien FTTO 10 Mb/s ZPD1 Covage,Engagement 36 mois,206.00 
COVAGE,WS-IC-FTTO-ZPD1-30M-CVG-36,Lien FTTO 30 Mb/s ZPD1 Covage,Engagement 36 mois,263.00 
COVAGE,WS-IC-FTTO-ZPD1-50M-CVG-36,Lien FTTO 50 Mb/s ZPD1 Covage,Engagement 36 mois,321.00 
COVAGE,WS-IC-FTTO-ZPD1-100M-CVG-36,Lien FTTO 100 Mb/s ZPD1 Covage,Engagement 36 mois,413.00 
COVAGE,WS-IC-FTTO-ZPD1-200M-CVG-36,Lien FTTO 200 Mb/s ZPD1 Covage,Engagement 36 mois,585.00 
COVAGE,WS-IC-FTTO-ZPD1-500M-CVG-36,Lien FTTO 500 Mb/s ZPD1 Covage,Engagement 36 mois,585.00 
COVAGE,WS-IC-FTTO-ZPD1-1G-CVG-36,Lien FTTO 1 Gb/s ZPD1 Covage,Engagement 36 mois,758.00 
COVAGE,WS-IC-FTTO-ZPD2-10M-CVG-12,Lien FTTO 10 Mb/s ZPD2 Covage,Engagement 12 mois,236.00 
COVAGE,WS-IC-FTTO-ZPD2-30M-CVG-12,Lien FTTO 30 Mb/s ZPD2 Covage,Engagement 12 mois,293.00 
COVAGE,WS-IC-FTTO-ZPD2-50M-CVG-12,Lien FTTO 50 Mb/s ZPD2 Covage,Engagement 12 mois,351.00 
COVAGE,WS-IC-FTTO-ZPD2-100M-CVG-12,Lien FTTO 100 Mb/s ZPD2 Covage,Engagement 12 mois,443.00 
COVAGE,WS-IC-FTTO-ZPD2-200M-CVG-12,Lien FTTO 200 Mb/s ZPD2 Covage,Engagement 12 mois,615.00 
COVAGE,WS-IC-FTTO-ZPD2-500M-CVG-12,Lien FTTO 500 Mb/s ZPD2 Covage,Engagement 12 mois,615.00 
COVAGE,WS-IC-FTTO-ZPD2-1G-CVG-12,Lien FTTO 1 Gb/s ZPD2 Covage,Engagement 12 mois,788.00 
COVAGE,WS-IC-FTTO-ZPD2-10M-CVG-36,Lien FTTO 10 Mb/s ZPD2 Covage,Engagement 36 mois,236.00 
COVAGE,WS-IC-FTTO-ZPD2-30M-CVG-36,Lien FTTO 30 Mb/s ZPD2 Covage,Engagement 36 mois,293.00 
COVAGE,WS-IC-FTTO-ZPD2-50M-CVG-36,Lien FTTO 50 Mb/s ZPD2 Covage,Engagement 36 mois,351.00 
COVAGE,WS-IC-FTTO-ZPD2-100M-CVG-36,Lien FTTO 100 Mb/s ZPD2 Covage,Engagement 36 mois,443.00 
COVAGE,WS-IC-FTTO-ZPD2-200M-CVG-36,Lien FTTO 200 Mb/s ZPD2 Covage,Engagement 36 mois,615.00 
COVAGE,WS-IC-FTTO-ZPD2-500M-CVG-36,Lien FTTO 500 Mb/s ZPD2 Covage,Engagement 36 mois,615.00 
COVAGE,WS-IC-FTTO-ZPD2-1G-CVG-36,Lien FTTO 1 Gb/s ZPD2 Covage,Engagement 36 mois,788.00 
COVAGE,WS-IC-FTTO-ZPD3-10M-CVG-12,Lien FTTO 10 Mb/s ZPD3 Covage,Engagement 12 mois,308.00 
COVAGE,WS-IC-FTTO-ZPD3-30M-CVG-12,Lien FTTO 30 Mb/s ZPD3 Covage,Engagement 12 mois,365.00 
COVAGE,WS-IC-FTTO-ZPD3-50M-CVG-12,Lien FTTO 50 Mb/s ZPD3 Covage,Engagement 12 mois,423.00 
COVAGE,WS-IC-FTTO-ZPD3-100M-CVG-12,Lien FTTO 100 Mb/s ZPD3 Covage,Engagement 12 mois,515.00 
COVAGE,WS-IC-FTTO-ZPD3-200M-CVG-12,Lien FTTO 200 Mb/s ZPD3 Covage,Engagement 12 mois,687.00 
COVAGE,WS-IC-FTTO-ZPD3-500M-CVG-12,Lien FTTO 500 Mb/s ZPD3 Covage,Engagement 12 mois,687.00 
COVAGE,WS-IC-FTTO-ZPD3-1G-CVG-12,Lien FTTO 1 Gb/s ZPD3 Covage,Engagement 12 mois,860.00 
COVAGE,WS-IC-FTTO-ZPD3-10M-CVG-36,Lien FTTO 10 Mb/s ZPD3 Covage,Engagement 36 mois,308.00 
COVAGE,WS-IC-FTTO-ZPD3-30M-CVG-36,Lien FTTO 30 Mb/s ZPD3 Covage,Engagement 36 mois,365.00 
COVAGE,WS-IC-FTTO-ZPD3-50M-CVG-36,Lien FTTO 50 Mb/s ZPD3 Covage,Engagement 36 mois,423.00 
COVAGE,WS-IC-FTTO-ZPD3-100M-CVG-36,Lien FTTO 100 Mb/s ZPD3 Covage,Engagement 36 mois,515.00 
COVAGE,WS-IC-FTTO-ZPD3-200M-CVG-36,Lien FTTO 200 Mb/s ZPD3 Covage,Engagement 36 mois,687.00 
COVAGE,WS-IC-FTTO-ZPD3-500M-CVG-36,Lien FTTO 500 Mb/s ZPD3 Covage,Engagement 36 mois,687.00 
COVAGE,WS-IC-FTTO-ZPD3-1G-CVG-36,Lien FTTO 1 Gb/s ZPD3 Covage,Engagement 36 mois,860.00 
COVAGE,WS-IC-FTTO-ZD-4M-CVG-36,Lien FTTO 4Mb/s ZD THD Covage,Engagement 36 mois,95.00 
COVAGE,WS-IC-FTTO-ZD-4M-CVG-24,Lien FTTO 4Mb/s ZD THD Covage,Engagement 24 mois,104.00 
COVAGE,WS-IC-FTTO-ZD-4M-CVG-12,Lien FTTO 4Mb/s ZD THD Covage,Engagement 12 mois,113.00 
COVAGE,WS-IC-FTTO-ZD-10M-CVG-36,Lien FTTO 10Mb/s ZD THD Covage,Engagement 36 mois,184.00 
COVAGE,WS-IC-FTTO-ZD-10M-CVG-24,Lien FTTO 10Mb/s ZD THD Covage,Engagement 24 mois,202.00 
COVAGE,WS-IC-FTTO-ZD-10M-CVG-12,Lien FTTO 10Mb/s ZD THD Covage,Engagement 12 mois,221.00 
COVAGE,WS-IC-FTTO-ZD-20M-CVG-36,Lien FTTO 20Mb/s ZD THD Covage,Engagement 36 mois,207.00 
COVAGE,WS-IC-FTTO-ZD-20M-CVG-24,Lien FTTO 20Mb/s ZD THD Covage,Engagement 24 mois,227.00 
COVAGE,WS-IC-FTTO-ZD-20M-CVG-12,Lien FTTO 20Mb/s ZD THD Covage,Engagement 12 mois,249.00 
COVAGE,WS-IC-FTTO-ZD-40M-CVG-36,Lien FTTO 40Mb/s ZD THD Covage,Engagement 36 mois,253.00 
COVAGE,WS-IC-FTTO-ZD-40M-CVG-24,Lien FTTO 40Mb/s ZD THD Covage,Engagement 24 mois,278.00 
COVAGE,WS-IC-FTTO-ZD-40M-CVG-12,Lien FTTO 40Mb/s ZD THD Covage,Engagement 12 mois,304.00 
COVAGE,WS-IC-FTTO-ZD-100M-CVG-36,Lien FTTO 100Mb/s ZD THD Covage,Engagement 36 mois,253.00 
COVAGE,WS-IC-FTTO-ZD-100M-CVG-24,Lien FTTO 100Mb/s ZD THD Covage,Engagement 24 mois,278.00 
COVAGE,WS-IC-FTTO-ZD-100M-CVG-12,Lien FTTO 100Mb/s ZD THD Covage,Engagement 12 mois,304.00 
COVAGE,WS-IC-FTTO-ZD-200M-CVG-36,Lien FTTO 200Mb/s ZD THD Covage,Engagement 36 mois,357.00 
COVAGE,WS-IC-FTTO-ZD-200M-CVG-24,Lien FTTO 200Mb/s ZD THD Covage,Engagement 24 mois,391.00 
COVAGE,WS-IC-FTTO-ZD-200M-CVG-12,Lien FTTO 200Mb/s ZD THD Covage,Engagement 12 mois,429.00 
COVAGE,WS-IC-FTTO-ZD-500M-CVG-36,Lien FTTO 500Mb/s ZD THD Covage,Engagement 36 mois,414.00 
COVAGE,WS-IC-FTTO-ZD-500M-CVG-24,Lien FTTO 500Mb/s ZD THD Covage,Engagement 24 mois,455.00 
COVAGE,WS-IC-FTTO-ZD-500M-CVG-12,Lien FTTO 500Mb/s ZD THD Covage,Engagement 12 mois,500.00 
COVAGE,WS-IC-FTTO-ZD-1G-CVG-36,Lien FTTO 1Gb/s ZD THD Covage,Engagement 36 mois,460.00 
COVAGE,WS-IC-FTTO-ZD-1G-CVG-24,Lien FTTO 1Gb/s ZD THD Covage,Engagement 24 mois,505.00 
COVAGE,WS-IC-FTTO-ZD-1G-CVG-12,Lien FTTO 1Gb/s ZD THD Covage,Engagement 12 mois,555.00 
,,,,
QUANTIC TELECOM,WS-IC-FTTO-Q1C-30M-QTC-36,Lien FTTO 30 Mb/s Zone Q1C QUANTIC TELECOM,Engagement 36 mois,246.00 
QUANTIC TELECOM,WS-IC-FTTO-Q1C-50M-QTC-36,Lien FTTO 50 Mb/s Zone Q1C QUANTIC TELECOM,Engagement 36 mois,246.00 
QUANTIC TELECOM,WS-IC-FTTO-Q1C-100M-QTC-36,Lien FTTO 100 Mb/s Zone Q1C QUANTIC TELECOM,Engagement 36 mois,246.00 
QUANTIC TELECOM,WS-IC-FTTO-Q1C-200M-QTC-36,Lien FTTO 200 Mb/s Zone Q1C QUANTIC TELECOM,Engagement 36 mois,281.00 
QUANTIC TELECOM,WS-IC-FTTO-Q1C-500M-QTC-36,Lien FTTO 500 Mb/s Zone Q1C QUANTIC TELECOM,Engagement 36 mois,522.00 
QUANTIC TELECOM,WS-IC-FTTO-Q1C-1G-QTC-36,Lien FTTO 1 Gb/s Zone Q1C QUANTIC TELECOM,Engagement 36 mois,465.00 
QUANTIC TELECOM,WS-IC-FTTO-Q2C-30M-QTC-36,Lien FTTO 30 Mb/s Zone Q2C QUANTIC TELECOM,Engagement 36 mois,259.00 
QUANTIC TELECOM,WS-IC-FTTO-Q2C-50M-QTC-36,Lien FTTO 50 Mb/s Zone Q2C QUANTIC TELECOM,Engagement 36 mois,300.00 
QUANTIC TELECOM,WS-IC-FTTO-Q2C-100M-QTC-36,Lien FTTO 100 Mb/s Zone Q2C QUANTIC TELECOM,Engagement 36 mois,327.00 
QUANTIC TELECOM,WS-IC-FTTO-Q2C-200M-QTC-36,Lien FTTO 200 Mb/s Zone Q2C QUANTIC TELECOM,Engagement 36 mois,384.00 
QUANTIC TELECOM,WS-IC-FTTO-Q2C-500M-QTC-36,Lien FTTO 500 Mb/s Zone Q2C QUANTIC TELECOM,Engagement 36 mois,522.00 
QUANTIC TELECOM,WS-IC-FTTO-Q2C-1G-QTC-36,Lien FTTO 1 Gb/s Zone Q2C QUANTIC TELECOM,Engagement 36 mois,568.00 
QUANTIC TELECOM,WS-IC-FTTO-Q1C-20M-QTC-36,Lien FTTO 20 Mb/s Zone Q1C QUANTIC TELECOM,Engagement 36 mois,189.00 
QUANTIC TELECOM,WS-IC-FTTO-Q2C-20M-QTC-36,Lien FTTO 20 Mb/s Zone Q2C QUANTIC TELECOM,Engagement 36 mois,236.00 
QUANTIC TELECOM,WS-IC-FTTO-Q1C-2G-QTC-36,Lien FTTO 2 Gb/s Zone Q1C QUANTIC TELECOM,Engagement 36 mois,879.00 
QUANTIC TELECOM,WS-IC-FTTO-Q2C-2G-QTC-36,Lien FTTO 2 Gb/s Zone Q2C QUANTIC TELECOM,Engagement 36 mois,1010.00 
QUANTIC TELECOM,WS-IC-FTTO-Q1C-5+M-QTC-36,Lien FTTO 5 Mb/s Burst 125 Mb/s Zone Q1C QUANTIC TELECOM,Engagement 36 mois,98.00 
QUANTIC TELECOM,WS-IC-FTTO-Q2C-5+M-QTC-36,Lien FTTO 5 Mb/s Burst 125 Mb/s Zone Q2C QUANTIC TELECOM,Engagement 36 mois,144.00 
QUANTIC TELECOM,WS-IC-FTTO-Q1C-10+M-QTC-36,Lien FTTO 10 Mb/s Burst 250 Mb/s Zone Q1C QUANTIC TELECOM,Engagement 36 mois,189.00 
QUANTIC TELECOM,WS-IC-FTTO-Q2C-10+M-QTC-36,Lien FTTO 10 Mb/s Burst 250 Mb/s Zone Q2C QUANTIC TELECOM,Engagement 36 mois,202.00 
QUANTIC TELECOM,WS-IC-FTTO-Q1C-100+M-QTC-36,Lien FTTO 100 Mb/s Burst 1Gb/s Zone Q1C QUANTIC TELECOM,Engagement 36 mois,304.00 
QUANTIC TELECOM,WS-IC-FTTO-Q2C-100+M-QTC-36,Lien FTTO 100 Mb/s Burst 1Gb/s Zone Q2C QUANTIC TELECOM,Engagement 36 mois,317.00 
,,,,
IELO-LIAZO,WS-IC-FTTO-B0-5M-LZO-36,Lien FTTO 5 Mb/s IELO-LIAZO,Engagement 36 mois,117.00 
IELO-LIAZO,WS-IC-FTTO-B0-10M-LZO-36,Lien FTTO 10 Mb/s IELO-LIAZO,Engagement 36 mois,163.00 
IELO-LIAZO,WS-IC-FTTO-B0-20M-LZO-36,Lien FTTO 20 Mb/s IELO-LIAZO,Engagement 36 mois,192.00 
IELO-LIAZO,WS-IC-FTTO-B0-20M-LZO-24,Lien FTTO 20 Mb/s IELO-LIAZO,Engagement 24 mois,192.00 
IELO-LIAZO,WS-IC-FTTO-B0-20M-LZO-12,Lien FTTO 20 Mb/s IELO-LIAZO,Engagement 12 mois,192.00 
IELO-LIAZO,WS-IC-FTTO-B0-100M-LZO-36,Lien FTTO 100 Mb/s IELO-LIAZO,Engagement 36 mois,257.00 
IELO-LIAZO,WS-IC-FTTO-B0-100M-LZO-24,Lien FTTO 100 Mb/s IELO-LIAZO,Engagement 24 mois,257.00 
IELO-LIAZO,WS-IC-FTTO-B0-100M-LZO-12,Lien FTTO 100 Mb/s IELO-LIAZO,Engagement 12 mois,257.00 
IELO-LIAZO,WS-IC-FTTO-B0-200M-LZO-36,Lien FTTO 200 Mb/s IELO-LIAZO,Engagement 36 mois,324.00 
IELO-LIAZO,WS-IC-FTTO-B0-200M-LZO-24,Lien FTTO 200 Mb/s IELO-LIAZO,Engagement 24 mois,324.00 
IELO-LIAZO,WS-IC-FTTO-B0-200M-LZO-12,Lien FTTO 200 Mb/s IELO-LIAZO,Engagement 12 mois,324.00 
IELO-LIAZO,WS-IC-FTTO-B0-1G-LZO-36,Lien FTTO 1 Gb/s IELO-LIAZO,Engagement 36 mois,427.00 
IELO-LIAZO,WS-IC-FTTO-B0-1G-LZO-24,Lien FTTO 1 Gb/s IELO-LIAZO,Engagement 24 mois,427.00 
IELO-LIAZO,WS-IC-FTTO-B0-1G-LZO-12,Lien FTTO 1 Gb/s IELO-LIAZO,Engagement 12 mois,427.00 
IELO-LIAZO,WS-IC-FTTO-B0-2G-LZO-36,Lien FTTO 2 Gb/s IELO-LIAZO,Engagement 36 mois,634.00 
IELO-LIAZO,WS-IC-FTTO-B0-2G-LZO-24,Lien FTTO 2 Gb/s IELO-LIAZO,Engagement 24 mois,531.00 
IELO-LIAZO,WS-IC-FTTO-B0-2G-LZO-12,Lien FTTO 2 Gb/s IELO-LIAZO,Engagement 12 mois,531.00 
IELO-LIAZO,WS-IC-FTTO-B0-4G-LZO-36,Lien FTTO 4 Gb/s IELO-LIAZO,Engagement 36 mois,634.00 
IELO-LIAZO,WS-IC-FTTO-B0-4G-LZO-24,Lien FTTO 4 Gb/s IELO-LIAZO,Engagement 24 mois,634.00 
IELO-LIAZO,WS-IC-FTTO-B0-4G-LZO-12,Lien FTTO 4 Gb/s IELO-LIAZO,Engagement 12 mois,634.00 
IELO-LIAZO,WS-IC-FTTO-B0-10G-LZO-36,Lien FTTO 10 Gb/s IELO-LIAZO,Engagement 36 mois,841.00 
IELO-LIAZO,WS-IC-FTTO-B0-10G-LZO-24,Lien FTTO 10 Gb/s IELO-LIAZO,Engagement 24 mois,841.00 
IELO-LIAZO,WS-IC-FTTO-B0-10G-LZO-12,Lien FTTO 10 Gb/s IELO-LIAZO,Engagement 12 mois,841.00 
IELO-LIAZO,WS-IC-FTTO-B1-5M-LZO-36,Lien FTTO 5 Mb/s IELO-LIAZO,Engagement 36 mois,117.00 
IELO-LIAZO,WS-IC-FTTO-B1-10M-LZO-36,Lien FTTO 10 Mb/s IELO-LIAZO,Engagement 36 mois,220.00 
IELO-LIAZO,WS-IC-FTTO-B1-10M-LZO-24,Lien FTTO 10 Mb/s IELO-LIAZO,Engagement 24 mois,220.00 
IELO-LIAZO,WS-IC-FTTO-B1-10M-LZO-12,Lien FTTO 10 Mb/s IELO-LIAZO,Engagement 12 mois,220.00 
IELO-LIAZO,WS-IC-FTTO-B1-20M-LZO-36,Lien FTTO 20 Mb/s IELO-LIAZO,Engagement 36 mois,220.00 
IELO-LIAZO,WS-IC-FTTO-B1-20M-LZO-24,Lien FTTO 20 Mb/s IELO-LIAZO,Engagement 24 mois,220.00 
IELO-LIAZO,WS-IC-FTTO-B1-20M-LZO-12,Lien FTTO 20 Mb/s IELO-LIAZO,Engagement 12 mois,220.00 
IELO-LIAZO,WS-IC-FTTO-B1-100M-LZO-36,Lien FTTO 100 Mb/s IELO-LIAZO,Engagement 36 mois,324.00 
IELO-LIAZO,WS-IC-FTTO-B1-100M-LZO-24,Lien FTTO 100 Mb/s IELO-LIAZO,Engagement 24 mois,324.00 
IELO-LIAZO,WS-IC-FTTO-B1-100M-LZO-12,Lien FTTO 100 Mb/s IELO-LIAZO,Engagement 12 mois,324.00 
IELO-LIAZO,WS-IC-FTTO-B1-200M-LZO-36,Lien FTTO 200 Mb/s IELO-LIAZO,Engagement 36 mois,407.00 
IELO-LIAZO,WS-IC-FTTO-B1-200M-LZO-24,Lien FTTO 200 Mb/s IELO-LIAZO,Engagement 24 mois,407.00 
IELO-LIAZO,WS-IC-FTTO-B1-200M-LZO-12,Lien FTTO 200 Mb/s IELO-LIAZO,Engagement 12 mois,407.00 
IELO-LIAZO,WS-IC-FTTO-B1-1G-LZO-36,Lien FTTO 1 Gb/s IELO-LIAZO,Engagement 36 mois,510.00 
IELO-LIAZO,WS-IC-FTTO-B1-1G-LZO-24,Lien FTTO 1 Gb/s IELO-LIAZO,Engagement 24 mois,510.00 
IELO-LIAZO,WS-IC-FTTO-B1-1G-LZO-12,Lien FTTO 1 Gb/s IELO-LIAZO,Engagement 12 mois,510.00 
IELO-LIAZO,WS-IC-FTTO-B1-2G-LZO-36,Lien FTTO 2 Gb/s IELO-LIAZO,Engagement 36 mois,634.00 
IELO-LIAZO,WS-IC-FTTO-B1-2G-LZO-24,Lien FTTO 2 Gb/s IELO-LIAZO,Engagement 24 mois,634.00 
IELO-LIAZO,WS-IC-FTTO-B1-2G-LZO-12,Lien FTTO 2 Gb/s IELO-LIAZO,Engagement 12 mois,634.00 
IELO-LIAZO,WS-IC-FTTO-B1-4G-LZO-36,Lien FTTO 4 Gb/s IELO-LIAZO,Engagement 36 mois,841.00 
IELO-LIAZO,WS-IC-FTTO-B1-4G-LZO-24,Lien FTTO 4 Gb/s IELO-LIAZO,Engagement 24 mois,841.00 
IELO-LIAZO,WS-IC-FTTO-B1-4G-LZO-12,Lien FTTO 4 Gb/s IELO-LIAZO,Engagement 12 mois,841.00 
IELO-LIAZO,WS-IC-FTTO-B1-10G-LZO-36,Lien FTTO 10 Gb/s IELO-LIAZO,Engagement 36 mois,1048.00 
IELO-LIAZO,WS-IC-FTTO-B1-10G-LZO-24,Lien FTTO 10 Gb/s IELO-LIAZO,Engagement 24 mois,1048.00 
IELO-LIAZO,WS-IC-FTTO-B1-10G-LZO-12,Lien FTTO 10 Gb/s IELO-LIAZO,Engagement 12 mois,1048.00 
IELO-LIAZO,WS-IC-FTTO-B2-10M-LZO-36,Lien FTTO 10 Mb/s IELO-LIAZO,Engagement 36 mois,269.00 
IELO-LIAZO,WS-IC-FTTO-B2-10M-LZO-24,Lien FTTO 10 Mb/s IELO-LIAZO,Engagement 24 mois,269.00 
IELO-LIAZO,WS-IC-FTTO-B2-10M-LZO-12,Lien FTTO 10 Mb/s IELO-LIAZO,Engagement 12 mois,269.00 
IELO-LIAZO,WS-IC-FTTO-B2-20M-LZO-36,Lien FTTO 20 Mb/s IELO-LIAZO,Engagement 36 mois,269.00 
IELO-LIAZO,WS-IC-FTTO-B2-20M-LZO-24,Lien FTTO 20 Mb/s IELO-LIAZO,Engagement 24 mois,269.00 
IELO-LIAZO,WS-IC-FTTO-B2-20M-LZO-12,Lien FTTO 20 Mb/s IELO-LIAZO,Engagement 12 mois,269.00 
IELO-LIAZO,WS-IC-FTTO-B2-100M-LZO-36,Lien FTTO 100 Mb/s IELO-LIAZO,Engagement 36 mois,361.00 
IELO-LIAZO,WS-IC-FTTO-B2-100M-LZO-24,Lien FTTO 100 Mb/s IELO-LIAZO,Engagement 24 mois,361.00 
IELO-LIAZO,WS-IC-FTTO-B2-100M-LZO-12,Lien FTTO 100 Mb/s IELO-LIAZO,Engagement 12 mois,361.00 
IELO-LIAZO,WS-IC-FTTO-B2-200M-LZO-36,Lien FTTO 200 Mb/s IELO-LIAZO,Engagement 36 mois,476.00 
IELO-LIAZO,WS-IC-FTTO-B2-200M-LZO-24,Lien FTTO 200 Mb/s IELO-LIAZO,Engagement 24 mois,476.00 
IELO-LIAZO,WS-IC-FTTO-B2-200M-LZO-12,Lien FTTO 200 Mb/s IELO-LIAZO,Engagement 12 mois,476.00 
IELO-LIAZO,WS-IC-FTTO-B2-1G-LZO-36,Lien FTTO 1 Gb/s IELO-LIAZO,Engagement 36 mois,706.00 
IELO-LIAZO,WS-IC-FTTO-B2-1G-LZO-24,Lien FTTO 1 Gb/s IELO-LIAZO,Engagement 24 mois,706.00 
IELO-LIAZO,WS-IC-FTTO-B2-1G-LZO-12,Lien FTTO 1 Gb/s IELO-LIAZO,Engagement 12 mois,706.00 
IELO-LIAZO,WS-IC-FTTO-B2-2G-LZO-36,Lien FTTO 2 Gb/s IELO-LIAZO,Engagement 36 mois,879.00 
IELO-LIAZO,WS-IC-FTTO-B2-2G-LZO-24,Lien FTTO 2 Gb/s IELO-LIAZO,Engagement 24 mois,879.00 
IELO-LIAZO,WS-IC-FTTO-B2-2G-LZO-12,Lien FTTO 2 Gb/s IELO-LIAZO,Engagement 12 mois,879.00 
IELO-LIAZO,WS-IC-FTTO-B2-4G-LZO-36,Lien FTTO 4 Gb/s IELO-LIAZO,Engagement 36 mois,1166.00 
IELO-LIAZO,WS-IC-FTTO-B2-4G-LZO-24,Lien FTTO 4 Gb/s IELO-LIAZO,Engagement 24 mois,1166.00 
IELO-LIAZO,WS-IC-FTTO-B2-4G-LZO-12,Lien FTTO 4 Gb/s IELO-LIAZO,Engagement 12 mois,1166.00 
IELO-LIAZO,WS-IC-FTTO-B3-10M-LZO-36,Lien FTTO 10 Mb/s IELO-LIAZO,Engagement 36 mois,304.00 
IELO-LIAZO,WS-IC-FTTO-B3-10M-LZO-24,Lien FTTO 10 Mb/s IELO-LIAZO,Engagement 24 mois,304.00 
IELO-LIAZO,WS-IC-FTTO-B3-10M-LZO-12,Lien FTTO 10 Mb/s IELO-LIAZO,Engagement 12 mois,304.00 
IELO-LIAZO,WS-IC-FTTO-B3-20M-LZO-36,Lien FTTO 20 Mb/s IELO-LIAZO,Engagement 36 mois,304.00 
IELO-LIAZO,WS-IC-FTTO-B3-20M-LZO-24,Lien FTTO 20 Mb/s IELO-LIAZO,Engagement 24 mois,304.00 
IELO-LIAZO,WS-IC-FTTO-B3-20M-LZO-12,Lien FTTO 20 Mb/s IELO-LIAZO,Engagement 12 mois,304.00 
IELO-LIAZO,WS-IC-FTTO-B3-100M-LZO-36,Lien FTTO 100 Mb/s IELO-LIAZO,Engagement 36 mois,476.00 
IELO-LIAZO,WS-IC-FTTO-B3-100M-LZO-24,Lien FTTO 100 Mb/s IELO-LIAZO,Engagement 24 mois,476.00 
IELO-LIAZO,WS-IC-FTTO-B3-100M-LZO-12,Lien FTTO 100 Mb/s IELO-LIAZO,Engagement 12 mois,476.00 
IELO-LIAZO,WS-IC-FTTO-B3-200M-LZO-36,Lien FTTO 200 Mb/s IELO-LIAZO,Engagement 36 mois,591.00 
IELO-LIAZO,WS-IC-FTTO-B3-200M-LZO-24,Lien FTTO 200 Mb/s IELO-LIAZO,Engagement 24 mois,591.00 
IELO-LIAZO,WS-IC-FTTO-B3-200M-LZO-12,Lien FTTO 200 Mb/s IELO-LIAZO,Engagement 12 mois,591.00 
IELO-LIAZO,WS-IC-FTTO-B3-1G-LZO-36,Lien FTTO 1 Gb/s IELO-LIAZO,Engagement 36 mois,821.00 
IELO-LIAZO,WS-IC-FTTO-B3-1G-LZO-24,Lien FTTO 1 Gb/s IELO-LIAZO,Engagement 24 mois,821.00 
IELO-LIAZO,WS-IC-FTTO-B3-1G-LZO-12,Lien FTTO 1 Gb/s IELO-LIAZO,Engagement 12 mois,821.00 
IELO-LIAZO,WS-IC-FTTO-B3-2G-LZO-36,Lien FTTO 2 Gb/s IELO-LIAZO,Engagement 36 mois,1051.00 
IELO-LIAZO,WS-IC-FTTO-B3-2G-LZO-24,Lien FTTO 2 Gb/s IELO-LIAZO,Engagement 24 mois,1051.00 
IELO-LIAZO,WS-IC-FTTO-B3-2G-LZO-12,Lien FTTO 2 Gb/s IELO-LIAZO,Engagement 12 mois,1051.00 
IELO-LIAZO,WS-IC-FTTO-B3-4G-LZO-36,Lien FTTO 4 Gb/s IELO-LIAZO,Engagement 36 mois,1396.00 
IELO-LIAZO,WS-IC-FTTO-B3-4G-LZO-24,Lien FTTO 4 Gb/s IELO-LIAZO,Engagement 24 mois,1396.00 
IELO-LIAZO,WS-IC-FTTO-B3-4G-LZO-12,Lien FTTO 4 Gb/s IELO-LIAZO,Engagement 12 mois,1396.00 
,,,,
FULLSAVE,WS-IC-FTTO-20M-FSV-36,Lien FTTO 20 Mb/s Fullsave,Engagement 36 mois,223.00 
FULLSAVE,WS-IC-FTTO-100M-FSV-36,Lien FTTO 100 Mb/s Fullsave,Engagement 36 mois,327.00 
FULLSAVE,WS-IC-FTTO-200M-FSV-36,Lien FTTO 200 Mb/s Fullsave,Engagement 36 mois,407.00 
FULLSAVE,WS-IC-FTTO-1G-FSV-36,Lien FTTO 1 Gb/s Fullsave,Engagement 36 mois,511.00 
,,,,
CONNEXY,WS-IC-FTTO-Z0-20M-CNX-36,Lien FTTO 20 Mb/s Z0 Connexy,Engagement 36 mois,166.00 
CONNEXY,WS-IC-FTTO-Z0-20M-CNX-24,Lien FTTO 20 Mb/s Z0 Connexy,Engagement 24 mois,166.00 
CONNEXY,WS-IC-FTTO-Z0-20M-CNX-12,Lien FTTO 20 Mb/s Z0 Connexy,Engagement 12 mois,166.00 
CONNEXY,WS-IC-FTTO-Z0-50M-CNX-36,Lien FTTO 50 Mb/s Z0 Connexy,Engagement 36 mois,189.00 
CONNEXY,WS-IC-FTTO-Z0-50M-CNX-24,Lien FTTO 50 Mb/s Z0 Connexy,Engagement 24 mois,189.00 
CONNEXY,WS-IC-FTTO-Z0-50M-CNX-12,Lien FTTO 50 Mb/s Z0 Connexy,Engagement 12 mois,189.00 
CONNEXY,WS-IC-FTTO-Z0-100M-CNX-36,Lien FTTO 100 Mb/s Z0 Connexy,Engagement 36 mois,223.00 
CONNEXY,WS-IC-FTTO-Z0-100M-CNX-24,Lien FTTO 100 Mb/s Z0 Connexy,Engagement 24 mois,223.00 
CONNEXY,WS-IC-FTTO-Z0-100M-CNX-12,Lien FTTO 100 Mb/s Z0 Connexy,Engagement 12 mois,223.00 
CONNEXY,WS-IC-FTTO-Z0-200M-CNX-36,Lien FTTO 200 Mb/s Z0 Connexy,Engagement 36 mois,246.00 
CONNEXY,WS-IC-FTTO-Z0-200M-CNX-24,Lien FTTO 200 Mb/s Z0 Connexy,Engagement 24 mois,246.00 
CONNEXY,WS-IC-FTTO-Z0-200M-CNX-12,Lien FTTO 200 Mb/s Z0 Connexy,Engagement 12 mois,246.00 
CONNEXY,WS-IC-FTTO-Z0-500M-CNX-36,Lien FTTO 500 Mb/s Z0 Connexy,Engagement 36 mois,304.00 
CONNEXY,WS-IC-FTTO-Z0-500M-CNX-24,Lien FTTO 500 Mb/s Z0 Connexy,Engagement 24 mois,304.00 
CONNEXY,WS-IC-FTTO-Z0-500M-CNX-12,Lien FTTO 500 Mb/s Z0 Connexy,Engagement 12 mois,304.00 
CONNEXY,WS-IC-FTTO-Z0-1G-CNX-36,Lien FTTO 1 Gb/s Z0 Connexy,Engagement 36 mois,361.00 
CONNEXY,WS-IC-FTTO-Z0-1G-CNX-24,Lien FTTO 1 Gb/s Z0 Connexy,Engagement 24 mois,361.00 
CONNEXY,WS-IC-FTTO-Z0-1G-CNX-12,Lien FTTO 1 Gb/s Z0 Connexy,Engagement 12 mois,361.00 
CONNEXY,WS-IC-FTTO-Z0-5G-CNX-36,Lien FTTO 5 Gb/s Z0 Connexy,Engagement 36 mois,821.00 
CONNEXY,WS-IC-FTTO-Z0-5G-CNX-24,Lien FTTO 5 Gb/s Z0 Connexy,Engagement 24 mois,821.00 
CONNEXY,WS-IC-FTTO-Z0-5G-CNX-12,Lien FTTO 5 Gb/s Z0 Connexy,Engagement 12 mois,821.00 
CONNEXY,WS-IC-FTTO-Z0-10G-CNX-36,Lien FTTO 10 Gb/s Z0 Connexy,Engagement 36 mois,936.00 
CONNEXY,WS-IC-FTTO-Z0-10G-CNX-24,Lien FTTO 10 Gb/s Z0 Connexy,Engagement 24 mois,936.00 
CONNEXY,WS-IC-FTTO-Z0-10G-CNX-12,Lien FTTO 10 Gb/s Z0 Connexy,Engagement 12 mois,936.00 
CONNEXY,WS-IC-FTTO-Z1-20M-CNX-36,Lien FTTO 20 Mb/s Z1 Connexy,Engagement 36 mois,223.00 
CONNEXY,WS-IC-FTTO-Z1-20M-CNX-24,Lien FTTO 20 Mb/s Z1 Connexy,Engagement 24 mois,223.00 
CONNEXY,WS-IC-FTTO-Z1-20M-CNX-12,Lien FTTO 20 Mb/s Z1 Connexy,Engagement 12 mois,223.00 
CONNEXY,WS-IC-FTTO-Z1-50M-CNX-36,Lien FTTO 50 Mb/s Z1 Connexy,Engagement 36 mois,246.00 
CONNEXY,WS-IC-FTTO-Z1-50M-CNX-24,Lien FTTO 50 Mb/s Z1 Connexy,Engagement 24 mois,246.00 
CONNEXY,WS-IC-FTTO-Z1-50M-CNX-12,Lien FTTO 50 Mb/s Z1 Connexy,Engagement 12 mois,246.00 
CONNEXY,WS-IC-FTTO-Z1-100M-CNX-36,Lien FTTO 100 Mb/s Z1 Connexy,Engagement 36 mois,275.00 
CONNEXY,WS-IC-FTTO-Z1-100M-CNX-24,Lien FTTO 100 Mb/s Z1 Connexy,Engagement 24 mois,275.00 
CONNEXY,WS-IC-FTTO-Z1-100M-CNX-12,Lien FTTO 100 Mb/s Z1 Connexy,Engagement 12 mois,275.00 
CONNEXY,WS-IC-FTTO-Z1-200M-CNX-36,Lien FTTO 200 Mb/s Z1 Connexy,Engagement 36 mois,304.00 
CONNEXY,WS-IC-FTTO-Z1-200M-CNX-24,Lien FTTO 200 Mb/s Z1 Connexy,Engagement 24 mois,304.00 
CONNEXY,WS-IC-FTTO-Z1-200M-CNX-12,Lien FTTO 200 Mb/s Z1 Connexy,Engagement 12 mois,304.00 
CONNEXY,WS-IC-FTTO-Z1-500M-CNX-36,Lien FTTO 500 Mb/s Z1 Connexy,Engagement 36 mois,333.00 
CONNEXY,WS-IC-FTTO-Z1-500M-CNX-24,Lien FTTO 500 Mb/s Z1 Connexy,Engagement 24 mois,333.00 
CONNEXY,WS-IC-FTTO-Z1-500M-CNX-12,Lien FTTO 500 Mb/s Z1 Connexy,Engagement 12 mois,333.00 
CONNEXY,WS-IC-FTTO-Z1-1G-CNX-36,Lien FTTO 1 Gb/s Z1 Connexy,Engagement 36 mois,361.00 
CONNEXY,WS-IC-FTTO-Z1-1G-CNX-24,Lien FTTO 1 Gb/s Z1 Connexy,Engagement 24 mois,361.00 
CONNEXY,WS-IC-FTTO-Z1-1G-CNX-12,Lien FTTO 1 Gb/s Z1 Connexy,Engagement 12 mois,361.00 
CONNEXY,WS-IC-FTTO-Z1-5G-CNX-36,Lien FTTO 5 Gb/s Z1 Connexy,Engagement 36 mois,821.00 
CONNEXY,WS-IC-FTTO-Z1-5G-CNX-24,Lien FTTO 5 Gb/s Z1 Connexy,Engagement 24 mois,821.00 
CONNEXY,WS-IC-FTTO-Z1-5G-CNX-12,Lien FTTO 5 Gb/s Z1 Connexy,Engagement 12 mois,821.00 
CONNEXY,WS-IC-FTTO-Z1-10G-CNX-36,Lien FTTO 10 Gb/s Z1 Connexy,Engagement 36 mois,936.00 
CONNEXY,WS-IC-FTTO-Z1-10G-CNX-24,Lien FTTO 10 Gb/s Z1 Connexy,Engagement 24 mois,936.00 
CONNEXY,WS-IC-FTTO-Z1-10G-CNX-12,Lien FTTO 10 Gb/s Z1 Connexy,Engagement 12 mois,936.00 
